2451544.5; 2000-Jan-01 00:00:00;-2.55285788E+07;1.44686036E+08;3.59394065E+04;-2.92790463E+01;-6.00756616E+00;-1.57764863E-03
2451545.5; 2000-Jan-02 00:00:00;-2.80472857E+07;1.44150446E+08;3.49642816E+04;-2.90282351E+01;-6.38509743E+00;-2.08407782E-02
2451546.5; 2000-Jan-03 00:00:00;-3.05453928E+07;1.43583505E+08;3.23747619E+04;-2.88029086E+01;-6.73440764E+00;-3.88336865E-02
2451547.5; 2000-Jan-04 00:00:00;-3.30252712E+07;1.42987355E+08;2.83093410E+04;-2.86068183E+01;-7.06240196E+00;-5.49006817E-02
2451548.5; 2000-Jan-05 00:00:00;-3.54895732E+07;1.42363527E+08;2.29606706E+04;-2.84427147E+01;-7.37634158E+00;-6.84438280E-02
2451549.5; 2000-Jan-06 00:00:00;-3.79411427E+07;1.41712908E+08;1.65704051E+04;-2.83122631E+01;-7.68387103E+00;-7.89285241E-02
2451550.5; 2000-Jan-07 00:00:00;-4.03829152E+07;1.41035709E+08;9.42314923E+03;-2.82158952E+01;-7.99296435E+00;-8.58981643E-02
2451551.5; 2000-Jan-08 00:00:00;-4.28178048E+07;1.40331443E+08;1.83887977E+03;-2.81526518E+01;-8.31178076E+00;-8.89940902E-02
2451552.5; 2000-Jan-09 00:00:00;-4.52485778E+07;1.39598919E+08;-5.83642933E+03;-2.81200610E+01;-8.64844801E+00;-8.79765557E-02
2451553.5; 2000-Jan-10 00:00:00;-4.76777189E+07;1.38836251E+08;-1.32419146E+04;-2.81140691E+01;-9.01080698E+00;-8.27435011E-02
2451554.5; 2000-Jan-11 00:00:00;-5.01072935E+07;1.38040901E+08;-2.00144179E+04;-2.81290175E+01;-9.40614765E+00;-7.33463001E-02
2451555.5; 2000-Jan-12 00:00:00;-5.25388083E+07;1.37209731E+08;-2.58023711E+04;-2.81576332E+01;-9.84094298E+00;-6.00044155E-02
2451556.5; 2000-Jan-13 00:00:00;-5.49730712E+07;1.36339094E+08;-3.02810356E+04;-2.81910058E+01;-1.03205499E+01;-4.31227539E-02
2451557.5; 2000-Jan-14 00:00:00;-5.74100480E+07;1.35424937E+08;-3.31694830E+04;-2.82185528E+01;-1.08488095E+01;-2.33149755E-02
2451558.5; 2000-Jan-15 00:00:00;-5.98487184E+07;1.34462965E+08;-3.42498381E+04;-2.82280417E+01;-1.14274641E+01;-1.43177089E-03
2451559.5; 2000-Jan-16 00:00:00;-6.22869413E+07;1.33448850E+08;-3.33888721E+04;-2.82058269E+01;-1.20553426E+01;2.14155547E-02
2451560.5; 2000-Jan-17 00:00:00;-6.47213577E+07;1.32378526E+08;-3.05606950E+04;-2.81375340E+01;-1.27273842E+01;4.38578699E-02
2451561.5; 2000-Jan-18 00:00:00;-6.71473817E+07;1.31248564E+08;-2.58669441E+04;-2.80094191E+01;-1.34337775E+01;6.43289736E-02
2451562.5; 2000-Jan-19 00:00:00;-6.95593392E+07;1.30056602E+08;-1.95481457E+04;-2.78104279E+01;-1.41597179E+01;8.12122907E-02
2451563.5; 2000-Jan-20 00:00:00;-7.19508029E+07;1.28801743E+08;-1.19785760E+04;-2.75345597E+01;-1.48863437E+01;9.30718594E-02
2451564.5; 2000-Jan-21 00:00:00;-7.43151151E+07;1.27484816E+08;-3.63928060E+03;-2.71826883E+01;-1.55930683E+01;9.89132448E-02
2451565.5; 2000-Jan-22 00:00:00;-7.66460100E+07;1.26108388E+08;4.92928775E+03;-2.67629103E+01;-1.62608069E+01;9.83769848E-02
2451566.5; 2000-Jan-23 00:00:00;-7.89381860E+07;1.24676498E+08;1.31851389E+04;-2.62890655E+01;-1.68749691E+01;9.17787499E-02
2451567.5; 2000-Jan-24 00:00:00;-8.11876883E+07;1.23194186E+08;2.06386556E+04;-2.57779905E+01;-1.74271163E+01;7.99829385E-02
2451568.5; 2000-Jan-25 00:00:00;-8.33920406E+07;1.21666950E+08;2.68906220E+04;-2.52466311E+01;-1.79149105E+01;6.41772158E-02
2451569.5; 2000-Jan-26 00:00:00;-8.55501561E+07;1.20100274E+08;3.16500207E+04;-2.47099621E+01;-1.83408099E+01;4.56446635E-02
2451570.5; 2000-Jan-27 00:00:00;-8.76621193E+07;1.18499284E+08;3.47346430E+04;-2.41800442E+01;-1.87103218E+01;2.56007636E-02
2451571.5; 2000-Jan-28 00:00:00;-8.97289274E+07;1.16868553E+08;3.60612018E+04;-2.36660048E+01;-1.90304691E+01;5.11268633E-03
2451572.5; 2000-Jan-29 00:00:00;-9.17522564E+07;1.15212024E+08;3.56314755E+04;-2.31745256E+01;-1.93087639E+01;-1.49162855E-02
2451573.5; 2000-Jan-30 00:00:00;-9.37342764E+07;1.13532988E+08;3.35189052E+04;-2.27104660E+01;-1.95526951E+01;-3.37253247E-02
2451574.5; 2000-Jan-31 00:00:00;-9.56775183E+07;1.11834096E+08;2.98577400E+04;-2.22773956E+01;-1.97696002E+01;-5.06618696E-02
2451575.5; 2000-Feb-01 00:00:00;-9.75847790E+07;1.10117370E+08;2.48350838E+04;-2.18779340E+01;-1.99667626E+01;-6.51506532E-02
2451576.5; 2000-Feb-02 00:00:00;-9.94590457E+07;1.08384195E+08;1.86851409E+04;-2.15138740E+01;-2.01515996E+01;-7.66747633E-02
2451577.5; 2000-Feb-03 00:00:00;-1.01303423E+08;1.06635306E+08;1.16844246E+04;-2.11861088E+01;-2.03318329E+01;-8.47726400E-02
2451578.5; 2000-Feb-04 00:00:00;-1.03121045E+08;1.04870754E+08;4.14650781E+03;-2.08944110E+01;-2.05155605E+01;-8.90514965E-02
2451579.5; 2000-Feb-05 00:00:00;-1.04914970E+08;1.03089875E+08;-3.58501743E+03;-2.06371314E+01;-2.07111762E+01;-8.92147413E-02
2451580.5; 2000-Feb-06 00:00:00;-1.06688038E+08;1.01291277E+08;-1.11463786E+04;-2.04108980E+01;-2.09271122E+01;-8.50982413E-02
2451581.5; 2000-Feb-07 00:00:00;-1.08442716E+08;9.94728523E+07;-1.81667197E+04;-2.02104006E+01;-2.11714206E+01;-7.67081849E-02
2451582.5; 2000-Feb-08 00:00:00;-1.10180927E+08;9.76318316E+07;-2.42842578E+04;-2.00283256E+01;-2.14512446E+01;-6.42528309E-02
2451583.5; 2000-Feb-09 00:00:00;-1.11903878E+08;9.57648891E+07;-2.91646932E+04;-1.98554703E+01;-2.17722539E+01;-4.81621910E-02
2451584.5; 2000-Feb-10 00:00:00;-1.13611908E+08;9.38682922E+07;-3.25206960E+04;-1.96810238E+01;-2.21381088E+01;-2.90931667E-02
2451585.5; 2000-Feb-11 00:00:00;-1.15304368E+08;9.19380956E+07;-3.41312314E+04;-1.94929812E+01;-2.25499897E+01;-7.92103460E-03
2451586.5; 2000-Feb-12 00:00:00;-1.16979539E+08;8.99703744E+07;-3.38596336E+04;-1.92786672E+01;-2.30061905E+01;1.42808363E-02
2451587.5; 2000-Feb-13 00:00:00;-1.18634599E+08;8.79614886E+07;-3.16694053E+04;-1.90253881E+01;-2.35017633E+01;3.62738662E-02
2451588.5; 2000-Feb-14 00:00:00;-1.20265660E+08;8.59083760E+07;-2.76364241E+04;-1.87212785E+01;-2.40282448E+01;5.67061572E-02
2451589.5; 2000-Feb-15 00:00:00;-1.21867883E+08;8.38088616E+07;-2.19554450E+04;-1.83564111E+01;-2.45735825E+01;7.41946635E-02
2451590.5; 2000-Feb-16 00:00:00;-1.23435702E+08;8.16619561E+07;-1.49378192E+04;-1.79241472E+01;-2.51224838E+01;8.74472142E-02
2451591.5; 2000-Feb-17 00:00:00;-1.24963172E+08;7.94680976E+07;-6.99701660E+03;-1.74225148E+01;-2.56574383E+01;9.54203117E-02
2451592.5; 2000-Feb-18 00:00:00;-1.26444415E+08;7.72292710E+07;1.38009214E+03;-1.68551759E+01;-2.61605033E+01;9.74838654E-02
2451593.5; 2000-Feb-19 00:00:00;-1.27874119E+08;7.49489480E+07;9.67466292E+03;-1.62314771E+01;-2.66156028E+01;9.35410200E-02
2451594.5; 2000-Feb-20 00:00:00;-1.29247989E+08;7.26318278E+07;1.73837687E+04;-1.55653141E+01;-2.70107174E+01;8.40510734E-02
2451595.5; 2000-Feb-21 00:00:00;-1.30563053E+08;7.02834192E+07;2.40652308E+04;-1.48730400E+01;-2.73392447E+01;6.99368136E-02
2451596.5; 2000-Feb-22 00:00:00;-1.31817773E+08;6.79095588E+07;2.93704197E+04;-1.41710872E+01;-2.76001306E+01;5.24076376E-02
2451597.5; 2000-Feb-23 00:00:00;-1.33011961E+08;6.55159659E+07;3.30604016E+04;-1.34740430E+01;-2.77969083E+01;3.27623747E-02
2451598.5; 2000-Feb-24 00:00:00;-1.34146569E+08;6.31079108E+07;3.50064042E+04;-1.27936013E+01;-2.79361758E+01;1.22312006E-02
2451599.5; 2000-Feb-25 00:00:00;-1.35223424E+08;6.06900165E+07;3.51794693E+04;-1.21383820E+01;-2.80260909E+01;-8.11478743E-03
2451600.5; 2000-Feb-26 00:00:00;-1.36244981E+08;5.82661759E+07;3.36351757E+04;-1.15143318E+01;-2.80752497E+01;-2.73898383E-02
2451601.5; 2000-Feb-27 00:00:00;-1.37214113E+08;5.58395446E+07;3.04981335E+04;-1.09253629E+01;-2.80920567E+01;-4.48766362E-02
2451602.5; 2000-Feb-28 00:00:00;-1.38133967E+08;5.34125693E+07;2.59489457E+04;-1.03739702E+01;-2.80845191E+01;-5.99896813E-02
2451603.5; 2000-Feb-29 00:00:00;-1.39007861E+08;5.09870193E+07;2.02145066E+04;-9.86167793E+00;-2.80603283E+01;-7.22371354E-02
2451604.5; 2000-Mar-01 00:00:00;-1.39839214E+08;4.85640053E+07;1.35612245E+04;-9.38925840E+00;-2.80270905E+01;-8.11927069E-02
2451605.5; 2000-Mar-02 00:00:00;-1.40631475E+08;4.61439749E+07;6.28999125E+03;-8.95671544E+00;-2.79925832E+01;-8.64841502E-02
2451606.5; 2000-Mar-03 00:00:00;-1.41388055E+08;4.37266897E+07;-1.26870148E+03;-8.56305642E+00;-2.79649367E+01;-8.78016454E-02
2451607.5; 2000-Mar-04 00:00:00;-1.42112224E+08;4.13111918E+07;-8.76125470E+03;-8.20590668E+00;-2.79526450E+01;-8.49265020E-02
2451608.5; 2000-Mar-05 00:00:00;-1.42806968E+08;3.88957817E+07;-1.58207157E+04;-7.88105499E+00;-2.79643327E+01;-7.77770312E-02
2451609.5; 2000-Mar-06 00:00:00;-1.43474817E+08;3.64780261E+07;-2.20809671E+04;-7.58205863E+00;-2.80082390E+01;-6.64635685E-02
2451610.5; 2000-Mar-07 00:00:00;-1.44117640E+08;3.40548241E+07;-2.71956086E+04;-7.30006035E+00;-2.80914458E+01;-5.13395363E-02
2451611.5; 2000-Mar-08 00:00:00;-1.44736439E+08;3.16225452E+07;-3.08605068E+04;-7.02395144E+00;-2.82189673E+01;-3.30326456E-02
2451612.5; 2000-Mar-09 00:00:00;-1.45331181E+08;2.91772470E+07;-3.28376696E+04;-6.74094117E+00;-2.83928826E+01;-1.24426019E-02
2451613.5; 2000-Mar-10 00:00:00;-1.45900684E+08;2.67149578E+07;-3.29772337E+04;-6.43748085E+00;-2.86117127E+01;9.30034287E-03
2451614.5; 2000-Mar-11 00:00:00;-1.46442607E+08;2.42319980E+07;-3.12343222E+04;-6.10039224E+00;-2.88701762E+01;3.09110620E-02
2451615.5; 2000-Mar-12 00:00:00;-1.46953525E+08;2.17253037E+07;-2.76783301E+04;-5.71801638E+00;-2.91593558E+01;5.10466902E-02
2451616.5; 2000-Mar-13 00:00:00;-1.47429111E+08;1.91927211E+07;-2.24934064E+04;-5.28123972E+00;-2.94672140E+01;6.84111983E-02
2451617.5; 2000-Mar-14 00:00:00;-1.47864388E+08;1.66332440E+07;-1.59699483E+04;-4.78432873E+00;-2.97793719E+01;8.18577494E-02
2451618.5; 2000-Mar-15 00:00:00;-1.48254057E+08;1.40471747E+07;-8.48752359E+03;-4.22554935E+00;-3.00800973E+01;9.04842377E-02
2451619.5; 2000-Mar-16 00:00:00;-1.48592853E+08;1.14361916E+07;-4.89963757E+02;-3.60752999E+00;-3.03534863E+01;9.37180505E-02
2451620.5; 2000-Mar-17 00:00:00;-1.48875929E+08;8.80330620E+06;7.54610164E+03;-2.93726819E+00;-3.05848121E+01;9.13809973E-02
2451621.5; 2000-Mar-18 00:00:00;-1.49099219E+08;6.15270125E+06;1.51469125E+04;-2.22564947E+00;-3.07619185E+01;8.37186631E-02
2451622.5; 2000-Mar-19 00:00:00;-1.49259725E+08;3.48945415E+06;2.18776291E+04;-1.48641277E+00;-3.08764179E+01;7.13777006E-02
2451623.5; 2000-Mar-20 00:00:00;-1.49355711E+08;8.19176390E+05;2.73738955E+04;-7.34667641E-01;-3.09243978E+01;5.53251113E-02
2451624.5; 2000-Mar-21 00:00:00;-1.49386744E+08;-1.85237879E+06;3.13643224E+04;1.47402335E-02;-3.09064305E+01;3.67226546E-02
2451625.5; 2000-Mar-22 00:00:00;-1.49353613E+08;-4.51967930E+06;3.36812265E+04;7.48634051E-01;-3.08269042E+01;1.67864031E-02
2451626.5; 2000-Mar-23 00:00:00;-1.49258136E+08;-7.17769782E+06;3.42598371E+04;1.45638871E+00;-3.06929121E+01;-3.33463659E-03
2451627.5; 2000-Mar-24 00:00:00;-1.49102929E+08;-9.82209290E+06;3.31287333E+04;2.13020394E+00;-3.05130456E+01;-2.26377356E-02
2451628.5; 2000-Mar-25 00:00:00;-1.48891166E+08;-1.24492926E+07;3.03955143E+04;2.76488032E+00;-3.02963844E+01;-4.02980939E-02
2451629.5; 2000-Mar-26 00:00:00;-1.48626376E+08;-1.50565056E+07;2.62314922E+04;3.35731518E+00;-3.00518395E+01;-5.56621939E-02
2451630.5; 2000-Mar-27 00:00:00;-1.48312285E+08;-1.76416913E+07;2.08580442E+04;3.90593616E+00;-2.97878631E+01;-6.82188198E-02
2451631.5; 2000-Mar-28 00:00:00;-1.47952707E+08;-2.02035193E+07;1.45358575E+04;4.41023177E+00;-2.95124550E+01;-7.75634499E-02
2451632.5; 2000-Mar-29 00:00:00;-1.47551466E+08;-2.27413372E+07;7.55708518E+03;4.87047038E+00;-2.92333549E+01;-8.33681693E-02
2451633.5; 2000-Mar-30 00:00:00;-1.47112331E+08;-2.52551596E+07;2.39550786E+02;5.28764752E+00;-2.89583117E+01;-8.53654376E-02
2451634.5; 2000-Mar-31 00:00:00;-1.46638947E+08;-2.77456801E+07;-7.07844804E+03;5.66366719E+00;-2.86953179E+01;-8.33511946E-02
2451635.5; 2000-Apr-01 00:00:00;-1.46134744E+08;-3.02142972E+07;-1.40445632E+04;6.00173214E+00;-2.84527012E+01;-7.72104645E-02
2451636.5; 2000-Apr-02 00:00:00;-1.45602798E+08;-3.26631388E+07;-2.03020175E+04;6.30687536E+00;-2.82389584E+01;-6.69653758E-02
2451637.5; 2000-Apr-03 00:00:00;-1.45045654E+08;-3.50950565E+07;-2.55041618E+04;6.58649990E+00;-2.80622320E+01;-5.28397917E-02
2451638.5; 2000-Apr-04 00:00:00;-1.44465097E+08;-3.75135589E+07;-2.93348493E+04;6.85071934E+00;-2.79293961E+01;-3.53261123E-02
2451639.5; 2000-Apr-05 00:00:00;-1.43861929E+08;-3.99226503E+07;-3.15338543E+04;7.11224912E+00;-2.78448425E+01;-1.52307308E-02
2451640.5; 2000-Apr-06 00:00:00;-1.43235759E+08;-4.23265618E+07;-3.19243096E+04;7.38565329E+00;-2.78092358E+01;6.32890333E-03
2451641.5; 2000-Apr-07 00:00:00;-1.42584912E+08;-4.47293869E+07;-3.04370773E+04;7.68593924E+00;-2.78186289E+01;2.79938761E-02
2451642.5; 2000-Apr-08 00:00:00;-1.41906459E+08;-4.71346698E+07;-2.71262639E+04;8.02675910E+00;-2.78643026E+01;4.82963561E-02
2451643.5; 2000-Apr-09 00:00:00;-1.41196413E+08;-4.95450175E+07;-2.21715356E+04;8.41867344E+00;-2.79334656E+01;6.58260521E-02
2451644.5; 2000-Apr-10 00:00:00;-1.40450056E+08;-5.19618043E+07;-1.58661069E+04;8.86792082E+00;-2.80106404E+01;7.93883694E-02
2451645.5; 2000-Apr-11 00:00:00;-1.39662339E+08;-5.43850117E+07;-8.59274781E+03;9.37591881E+00;-2.80793465E+01;8.81193112E-02
2451646.5; 2000-Apr-12 00:00:00;-1.38828294E+08;-5.68132120E+07;-7.92314855E+02;9.93944728E+00;-2.81236920E+01;9.15432584E-02
2451647.5; 2000-Apr-13 00:00:00;-1.37943408E+08;-5.92436772E+07;7.07041769E+03;1.05512968E+01;-2.81296408E+01;8.95798704E-02
2451648.5; 2000-Apr-14 00:00:00;-1.37003933E+08;-6.16725798E+07;1.45398691E+04;1.12011539E+01;-2.80859040E+01;8.25153287E-02
2451649.5; 2000-Apr-15 00:00:00;-1.36007111E+08;-6.40952571E+07;2.11992368E+04;1.18765800E+01;-2.79845026E+01;7.09511514E-02
2451650.5; 2000-Apr-16 00:00:00;-1.34951314E+08;-6.65065113E+07;2.66949613E+04;1.25640236E+01;-2.78210505E+01;5.57375726E-02
2451651.5; 2000-Apr-17 00:00:00;-1.33836096E+08;-6.89009219E+07;3.07548837E+04;1.32498333E+01;-2.75947686E+01;3.78946113E-02
2451652.5; 2000-Apr-18 00:00:00;-1.32662160E+08;-7.12731487E+07;3.31991880E+04;1.39212119E+01;-2.73082133E+01;1.85250014E-02
2451653.5; 2000-Apr-19 00:00:00;-1.31431249E+08;-7.36181973E+07;3.39437530E+04;1.45670126E+01;-2.69667305E+01;-1.27272991E-03
2451654.5; 2000-Apr-20 00:00:00;-1.30145977E+08;-7.59316294E+07;3.29964079E+04;1.51782723E+01;-2.65777070E+01;-2.04796011E-02
2451655.5; 2000-Apr-21 00:00:00;-1.28809630E+08;-7.82097033E+07;3.04475715E+04;1.57484202E+01;-2.61497480E+01;-3.82094558E-02
2451656.5; 2000-Apr-22 00:00:00;-1.27425960E+08;-8.04494460E+07;2.64574555E+04;1.62731796E+01;-2.56919305E+01;-5.37349072E-02
2451657.5; 2000-Apr-23 00:00:00;-1.25999000E+08;-8.26486684E+07;2.12421713E+04;1.67502466E+01;-2.52132466E+01;-6.64875932E-02
2451658.5; 2000-Apr-24 00:00:00;-1.24532913E+08;-8.48059421E+07;1.50606776E+04;1.71788715E+01;-2.47222919E+01;-7.60399704E-02
2451659.5; 2000-Apr-25 00:00:00;-1.23031875E+08;-8.69205613E+07;8.20374691E+03;1.75594612E+01;-2.42271897E+01;-8.20785020E-02
2451660.5; 2000-Apr-26 00:00:00;-1.21499985E+08;-8.89925046E+07;9.85263185E+02;1.78933004E+01;-2.37356974E+01;-8.43780334E-02
2451661.5; 2000-Apr-27 00:00:00;-1.19941200E+08;-9.10224126E+07;-6.26462441E+03;1.81824517E+01;-2.32554153E+01;-8.27856945E-02
2451662.5; 2000-Apr-28 00:00:00;-1.18359261E+08;-9.30115837E+07;-1.32056124E+04;1.84298693E+01;-2.27940047E+01;-7.72209424E-02
2451663.5; 2000-Apr-29 00:00:00;-1.16757602E+08;-9.49619858E+07;-1.94942386E+04;1.86397285E+01;-2.23593063E+01;-6.76966468E-02
2451664.5; 2000-Apr-30 00:00:00;-1.15139230E+08;-9.68762694E+07;-2.47937056E+04;1.88179353E+01;-2.19592348E+01;-5.43635374E-02
2451665.5; 2000-May-01 00:00:00;-1.13506541E+08;-9.87577567E+07;-2.87884790E+04;1.89727073E+01;-2.16013130E+01;-3.75751394E-02
2451666.5; 2000-May-02 00:00:00;-1.11861107E+08;-1.00610372E+08;-3.12049774E+04;1.91150202E+01;-2.12917501E+01;-1.79607605E-02
2451667.5; 2000-May-03 00:00:00;-1.10203431E+08;-1.02438470E+08;-3.18380405E+04;1.92586049E+01;-2.10340873E+01;3.51919297E-03
2451668.5; 2000-May-04 00:00:00;-1.08532732E+08;-1.04246543E+08;-3.05801083E+04;1.94191696E+01;-2.08276684E+01;2.55722501E-02
2451669.5; 2000-May-05 00:00:00;-1.06846847E+08;-1.06038798E+08;-2.74468724E+04;1.96126968E+01;-2.06664553E+01;4.66604943E-02
2451670.5; 2000-May-06 00:00:00;-1.05142304E+08;-1.07818677E+08;-2.25913125E+04;1.98530702E+01;-2.05388046E+01;6.51801619E-02
2451671.5; 2000-May-07 00:00:00;-1.03414610E+08;-1.09588408E+08;-1.62994726E+04;2.01497216E+01;-2.04285639E+01;7.96943623E-02
2451672.5; 2000-May-08 00:00:00;-1.01658706E+08;-1.11348703E+08;-8.96644860E+03;2.05061177E+01;-2.03172792E+01;8.91451808E-02
2451673.5; 2000-May-09 00:00:00;-9.98695043E+07;-1.13098678E+08;-1.05750288E+03;2.09195658E+01;-2.01867909E+01;9.29774804E-02
2451674.5; 2000-May-10 00:00:00;-9.80423843E+07;-1.14835972E+08;6.93664466E+03;2.13822124E+01;-2.00214059E+01;9.11503859E-02
2451675.5; 2000-May-11 00:00:00;-9.61735670E+07;-1.16557024E+08;1.45414182E+04;2.18826817E+01;-1.98091772E+01;8.40608575E-02
2451676.5; 2000-May-12 00:00:00;-9.42603478E+07;-1.18257419E+08;2.13312788E+04;2.24077557E+01;-1.95422884E+01;7.24265594E-02
2451677.5; 2000-May-13 00:00:00;-9.23011933E+07;-1.19932241E+08;2.69522691E+04;2.29437322E+01;-1.92168289E+01;5.71686940E-02
2451678.5; 2000-May-14 00:00:00;-9.02957393E+07;-1.21576383E+08;3.11352506E+04;2.34773712E+01;-1.88322890E+01;3.93154155E-02
2451679.5; 2000-May-15 00:00:00;-8.82447226E+07;-1.23184824E+08;3.37018356E+04;2.39965088E+01;-1.83909912E+01;1.99288481E-02
2451680.5; 2000-May-16 00:00:00;-8.61498698E+07;-1.24752843E+08;3.45648445E+04;2.44904544E+01;-1.78975505E+01;5.01399893E-05
2451681.5; 2000-May-17 00:00:00;-8.40137572E+07;-1.26276202E+08;3.37245586E+04;2.49502583E+01;-1.73583658E+01;-1.93437420E-02
2451682.5; 2000-May-18 00:00:00;-8.18396532E+07;-1.27751272E+08;3.12616218E+04;2.53688774E+01;-1.67811261E+01;-3.73745913E-02
2451683.5; 2000-May-19 00:00:00;-7.96313494E+07;-1.29175129E+08;2.73273301E+04;2.57412338E+01;-1.61743221E+01;-5.32885657E-02
2451684.5; 2000-May-20 00:00:00;-7.73929934E+07;-1.30545598E+08;2.21321671E+04;2.60641553E+01;-1.55467910E+01;-6.64708670E-02
2451685.5; 2000-May-21 00:00:00;-7.51289300E+07;-1.31861271E+08;1.59335932E+04;2.63362039E+01;-1.49073344E+01;-7.64483014E-02
2451686.5; 2000-May-22 00:00:00;-7.28435623E+07;-1.33121487E+08;9.02410615E+03;2.65574275E+01;-1.42644537E+01;-8.28808583E-02
2451687.5; 2000-May-23 00:00:00;-7.05412347E+07;-1.34326303E+08;1.72037576E+03;2.67290944E+01;-1.36262246E+01;-8.55460874E-02
2451688.5; 2000-May-24 00:00:00;-6.82261374E+07;-1.35476454E+08;-5.64616098E+03;2.68534754E+01;-1.30003054E+01;-8.43219652E-02
2451689.5; 2000-May-25 00:00:00;-6.59022256E+07;-1.36573322E+08;-1.27373933E+04;2.69337385E+01;-1.23940401E+01;-7.91747743E-02
2451690.5; 2000-May-26 00:00:00;-6.35731406E+07;-1.37618916E+08;-1.92160325E+04;2.69739999E+01;-1.18145957E+01;-7.01584115E-02
2451691.5; 2000-May-27 00:00:00;-6.12421194E+07;-1.38615860E+08;-2.47537467E+04;2.69795590E+01;-1.12690418E+01;-5.74306818E-02
2451692.5; 2000-May-28 00:00:00;-5.89118759E+07;-1.39567381E+08;-2.90415777E+04;2.69573032E+01;-1.07642576E+01;-4.12901559E-02
2451693.5; 2000-May-29 00:00:00;-5.65844424E+07;-1.40477281E+08;-3.18044262E+04;2.69162076E+01;-1.03065329E+01;-2.22328091E-02
2451694.5; 2000-May-30 00:00:00;-5.42609695E+07;-1.41349848E+08;-3.28209903E+04;2.68677573E+01;-9.90073769E+00;-1.01903163E-03
2451695.5; 2000-May-31 00:00:00;-5.19415033E+07;-1.42189690E+08;-3.19491651E+04;2.68259914E+01;-9.54902888E+00;2.12721696E-02
2451696.5; 2000-Jun-01 00:00:00;-4.96247885E+07;-1.43001423E+08;-2.91542360E+04;2.68067940E+01;-9.24927924E+00;4.32400149E-02
2451697.5; 2000-Jun-02 00:00:00;-4.73081764E+07;-1.43789244E+08;-2.45335756E+04;2.68261575E+01;-8.99373727E+00;6.32522016E-02
2451698.5; 2000-Jun-03 00:00:00;-4.49877247E+07;-1.44556423E+08;-1.83286735E+04;2.68975540E+01;-8.76866798E+00;7.96470973E-02
2451699.5; 2000-Jun-04 00:00:00;-4.26585382E+07;-1.45304817E+08;-1.09159505E+04;2.70291498E+01;-8.55557543E+00;9.10110153E-02
2451700.5; 2000-Jun-05 00:00:00;-4.03153171E+07;-1.46034579E+08;-2.77362895E+03;2.72219737E+01;-8.33393482E+00;9.64367392E-02
2451701.5; 2000-Jun-06 00:00:00;-3.79529903E+07;-1.46744118E+08;5.56911707E+03;2.74698476E+01;-8.08453201E+00;9.56613349E-02
2451702.5; 2000-Jun-07 00:00:00;-3.55672775E+07;-1.47430344E+08;1.35878293E+04;2.77610207E+01;-7.79218442E+00;8.90397872E-02
2451703.5; 2000-Jun-08 00:00:00;-3.31550653E+07;-1.48089082E+08;2.08101941E+04;2.80806687E+01;-7.44706189E+00;7.73923813E-02
2451704.5; 2000-Jun-09 00:00:00;-3.07145660E+07;-1.48715541E+08;2.68477418E+04;2.84132685E+01;-7.04461387E+00;6.18072547E-02
2451705.5; 2000-Jun-10 00:00:00;-2.82453007E+07;-1.49304731E+08;3.14111953E+04;2.87442544E+01;-6.58464158E+00;4.34680058E-02
2451706.5; 2000-Jun-11 00:00:00;-2.57479748E+07;-1.49851794E+08;3.43132691E+04;2.90608664E+01;-6.07012238E+00;2.35375146E-02
2451707.5; 2000-Jun-12 00:00:00;-2.32243070E+07;-1.50352224E+08;3.54638614E+04;2.93524079E+01;-5.50617809E+00;3.09583148E-03
2451708.5; 2000-Jun-13 00:00:00;-2.06768528E+07;-1.50802025E+08;3.48616048E+04;2.96101898E+01;-4.89932759E+00;-1.68852733E-02
2451709.5; 2000-Jun-14 00:00:00;-1.81088370E+07;-1.51197805E+08;3.25841275E+04;2.98273757E+01;-4.25699968E+00;-3.55493837E-02
2451710.5; 2000-Jun-15 00:00:00;-1.55240006E+07;-1.51536843E+08;2.87780184E+04;2.99988385E+01;-3.58721811E+00;-5.21567634E-02
2451711.5; 2000-Jun-16 00:00:00;-1.29264573E+07;-1.51817127E+08;2.36486874E+04;3.01210612E+01;-2.89837064E+00;-6.60859368E-02
2451712.5; 2000-Jun-17 00:00:00;-1.03205577E+07;-1.52037379E+08;1.74500314E+04;3.01920656E+01;-2.19900502E+00;-7.68364969E-02
2451713.5; 2000-Jun-18 00:00:00;-7.71075948E+06;-1.52197058E+08;1.04738614E+04;3.02113409E+01;-1.49763178E+00;-8.40314332E-02
2451714.5; 2000-Jun-19 00:00:00;-5.10150425E+06;-1.52296351E+08;3.03922913E+03;3.01797475E+01;-8.02543380E-01;-8.74168361E-02
2451715.5; 2000-Jun-20 00:00:00;-2.49710431E+06;-1.52336147E+08;-4.51806754E+03;3.00994001E+01;-1.21672674E-01;-8.68580777E-02
2451716.5; 2000-Jun-21 00:00:00;9.83605890E+04;-1.52318002E+08;-1.18555330E+04;2.99735493E+01;5.37490192E-01;-8.23336707E-02
2451717.5; 2000-Jun-22 00:00:00;2.68113761E+06;-1.52244097E+08;-1.86335031E+04;2.98065043E+01;1.16792184E+00;-7.39301052E-02
2451718.5; 2000-Jun-23 00:00:00;5.24789178E+06;-1.52117202E+08;-2.45244384E+04;2.96036390E+01;1.76305770E+00;-6.18423890E-02
2451719.5; 2000-Jun-24 00:00:00;7.79580244E+06;-1.51940633E+08;-2.92226930E+04;2.93715161E+01;2.31681024E+00;-4.63853332E-02
2451720.5; 2000-Jun-25 00:00:00;1.03226757E+07;-1.51718207E+08;-3.24558706E+04;2.91181316E+01;2.82370268E+00;-2.80194051E-02
2451721.5; 2000-Jun-26 00:00:00;1.28270820E+07;-1.51454178E+08;-3.39990731E+04;2.88532336E+01;3.27922993E+00;-7.39144819E-03
2451722.5; 2000-Jun-27 00:00:00;1.53085196E+07;-1.51153120E+08;-3.36931010E+04;2.85885817E+01;3.68055692E+00;1.46165264E-02
2451723.5; 2000-Jun-28 00:00:00;1.77675901E+07;-1.50819745E+08;-3.14666078E+04;2.83379075E+01;4.02760135E+00;3.68488484E-02
2451724.5; 2000-Jun-29 00:00:00;2.02061458E+07;-1.50458603E+08;-2.73600128E+04;2.81162463E+01;4.32437881E+00;5.78804375E-02
2451725.5; 2000-Jun-30 00:00:00;2.26273406E+07;-1.50073677E+08;-2.15457442E+04;2.79383504E+01;4.58020344E+00;7.61038758E-02
2451726.5; 2000-Jul-01 00:00:00;2.50355037E+07;-1.49667897E+08;-1.43363475E+04;2.78162031E+01;4.81005465E+00;8.99243756E-02
2451727.5; 2000-Jul-02 00:00:00;2.74357786E+07;-1.49242688E+08;-6.17170702E+03;2.77562344E+01;5.03342782E+00;9.80387257E-02
2451728.5; 2000-Jul-03 00:00:00;2.98335479E+07;-1.48797694E+08;2.41844961E+03;2.77573526E+01;5.27154296E+00;9.97092393E-02
2451729.5; 2000-Jul-04 00:00:00;3.22337625E+07;-1.48330780E+08;1.08712042E+04;2.78108210E+01;5.54371164E+00;9.49153701E-02
2451730.5; 2000-Jul-05 00:00:00;3.46403505E+07;-1.47838341E+08;1.86521375E+04;2.79021413E+01;5.86425532E+00;8.43152708E-02
2451731.5; 2000-Jul-06 00:00:00;3.70558458E+07;-1.47315810E+08;2.53062712E+04;2.80140716E+01;6.24105855E+00;6.90484889E-02
2451732.5; 2000-Jul-07 00:00:00;3.94812813E+07;-1.46758210E+08;3.04886425E+04;2.81295189E+01;6.67589089E+00;5.04804632E-02
2451733.5; 2000-Jul-08 00:00:00;4.19162925E+07;-1.46160626E+08;3.39739309E+04;2.82334603E+01;7.16583711E+00;2.99856024E-02
2451734.5; 2000-Jul-09 00:00:00;4.43593390E+07;-1.45518535E+08;3.56508492E+04;2.83137401E+01;7.70499439E+00;8.81429667E-03
2451735.5; 2000-Jul-10 00:00:00;4.68079550E+07;-1.44828001E+08;3.55086374E+04;2.83610540E+01;8.28587460E+00;-1.19604146E-02
2451736.5; 2000-Jul-11 00:00:00;4.92589802E+07;-1.44085769E+08;3.36214180E+04;2.83685404E+01;8.90031932E+00;-3.14442354E-02
2451737.5; 2000-Jul-12 00:00:00;5.17087490E+07;-1.43289300E+08;3.01336140E+04;2.83312955E+01;9.53997842E+00;-4.88997600E-02
2451738.5; 2000-Jul-13 00:00:00;5.41532425E+07;-1.42436775E+08;2.52475064E+04;2.82459843E+01;1.01964968E+01;-6.37212811E-02
2451739.5; 2000-Jul-14 00:00:00;5.65882119E+07;-1.41527099E+08;1.92127133E+04;2.81106011E+01;1.08615545E+01;-7.54165275E-02
2451740.5; 2000-Jul-15 00:00:00;5.90092887E+07;-1.40559891E+08;1.23168151E+04;2.79243676E+01;1.15268707E+01;-8.35984507E-02
2451741.5; 2000-Jul-16 00:00:00;6.14120896E+07;-1.39535485E+08;4.87629154E+03;2.76877230E+01;1.21842343E+01;-8.79858123E-02
2451742.5; 2000-Jul-17 00:00:00;6.37923227E+07;-1.38454917E+08;-2.77285541E+03;2.74023538E+01;1.28255911E+01;-8.84091813E-02
2451743.5; 2000-Jul-18 00:00:00;6.61458971E+07;-1.37319908E+08;-1.02850909E+04;2.70712217E+01;1.34431785E+01;-8.48185600E-02
2451744.5; 2000-Jul-19 00:00:00;6.84690327E+07;-1.36132831E+08;-1.73159605E+04;2.66985651E+01;1.40296892E+01;-7.72898570E-02
2451745.5; 2000-Jul-20 00:00:00;7.07583703E+07;-1.34896666E+08;-2.35331746E+04;2.62898771E+01;1.45784364E+01;-6.60293835E-02
2451746.5; 2000-Jul-21 00:00:00;7.30110783E+07;-1.33614936E+08;-2.86280383E+04;2.58518811E+01;1.50835123E+01;-5.13777494E-02
2451747.5; 2000-Jul-22 00:00:00;7.52249591E+07;-1.32291637E+08;-3.23272970E+04;2.53925310E+01;1.55399535E+01;-3.38161410E-02
2451748.5; 2000-Jul-23 00:00:00;7.73985570E+07;-1.30931144E+08;-3.44057417E+04;2.49210525E+01;1.59439629E+01;-1.39780536E-02
2451749.5; 2000-Jul-24 00:00:00;7.95312704E+07;-1.29538098E+08;-3.47001094E+04;2.44480015E+01;1.62932577E+01;7.33265390E-03
2451750.5; 2000-Jul-25 00:00:00;8.16234673E+07;-1.28117253E+08;-3.31246866E+04;2.39852546E+01;1.65876208E+01;2.91217358E-02
2451751.5; 2000-Jul-26 00:00:00;8.36765918E+07;-1.26673267E+08;-2.96883037E+04;2.35457660E+01;1.68296830E+01;5.01953403E-02
2451752.5; 2000-Jul-27 00:00:00;8.56932302E+07;-1.25210410E+08;-2.45108719E+04;2.31428601E+01;1.70258490E+01;6.91843944E-02
2451753.5; 2000-Jul-28 00:00:00;8.76770892E+07;-1.23732211E+08;-1.78353218E+04;2.27888515E+01;1.71870755E+01;8.46313250E-02
2451754.5; 2000-Jul-29 00:00:00;8.96328236E+07;-1.22241044E+08;-1.00285612E+04;2.24929887E+01;1.73289929E+01;9.51588447E-02
2451755.5; 2000-Jul-30 00:00:00;9.15656706E+07;-1.20737765E+08;-1.56463584E+03;2.22591402E+01;1.74708219E+01;9.97065862E-02
2451756.5; 2000-Jul-31 00:00:00;9.34809037E+07;-1.19221500E+08;7.01328306E+03;2.20840966E+01;1.76328877E+01;9.77694253E-02
2451757.5; 2000-Aug-01 00:00:00;9.53832012E+07;-1.17689693E+08;1.51479671E+04;2.19574308E+01;1.78332804E+01;8.95371937E-02
2451758.5; 2000-Aug-02 00:00:00;9.72760858E+07;-1.16138429E+08;2.23280873E+04;2.18632535E+01;1.80848518E+01;7.58616690E-02
2451759.5; 2000-Aug-03 00:00:00;9.91615783E+07;-1.14562975E+08;2.81378625E+04;2.17832282E+01;1.83936945E+01;5.80605433E-02
2451760.5; 2000-Aug-04 00:00:00;1.01040122E+08;-1.12958355E+08;3.22857818E+04;2.16996285E+01;1.87594494E+01;3.76476219E-02
2451761.5; 2000-Aug-05 00:00:00;1.02910735E+08;-1.11319850E+08;3.46107206E+04;2.15974393E+01;1.91769012E+01;1.60942785E-02
2451762.5; 2000-Aug-06 00:00:00;1.04771291E+08;-1.09643329E+08;3.50711882E+04;2.14651969E+01;1.96379560E+01;-5.31755868E-03
2451763.5; 2000-Aug-07 00:00:00;1.06618821E+08;-1.07925424E+08;3.37260974E+04;2.12948528E+01;2.01333034E+01;-2.55479042E-02
2451764.5; 2000-Aug-08 00:00:00;1.08449790E+08;-1.06163580E+08;3.07140449E+04;2.10811434E+01;2.06534818E+01;-4.37868269E-02
2451765.5; 2000-Aug-09 00:00:00;1.10260300E+08;-1.04356050E+08;2.62351066E+04;2.08208716E+01;2.11893829E+01;-5.94134065E-02
2451766.5; 2000-Aug-10 00:00:00;1.12046245E+08;-1.02501851E+08;2.05364671E+04;2.05123250E+01;2.17323670E+01;-7.19512895E-02
2451767.5; 2000-Aug-11 00:00:00;1.13803422E+08;-1.00600731E+08;1.39014962E+04;2.01549133E+01;2.22741729E+01;-8.10348221E-02
2451768.5; 2000-Aug-12 00:00:00;1.15527617E+08;-9.86531391E+07;6.64108451E+03;1.97490214E+01;2.28067698E+01;-8.63909382E-02
2451769.5; 2000-Aug-13 00:00:00;1.17214695E+08;-9.66602140E+07;-9.14143306E+02;1.92960314E+01;2.33222479E+01;-8.78366543E-02
2451770.5; 2000-Aug-14 00:00:00;1.18860686E+08;-9.46237725E+07;-8.42196783E+03;1.87984487E+01;2.38128065E+01;-8.52890059E-02
2451771.5; 2000-Aug-15 00:00:00;1.20461891E+08;-9.25462974E+07;-1.55379387E+04;1.82600652E+01;2.42708658E+01;-7.87825793E-02
2451772.5; 2000-Aug-16 00:00:00;1.22014999E+08;-9.04309090E+07;-2.19263821E+04;1.76860954E+01;2.46892941E+01;-6.84890983E-02
2451773.5; 2000-Aug-17 00:00:00;1.23517215E+08;-8.82813133E+07;-2.72730003E+04;1.70832378E+01;2.50617225E+01;-5.47339275E-02
2451774.5; 2000-Aug-18 00:00:00;1.24966384E+08;-8.61017207E+07;-3.12986273E+04;1.64596383E+01;2.53829050E+01;-3.80059147E-02
2451775.5; 2000-Aug-19 00:00:00;1.26361114E+08;-8.38967332E+07;-3.37734926E+04;1.58247577E+01;2.56490843E+01;-1.89593149E-02
2451776.5; 2000-Aug-20 00:00:00;1.27700881E+08;-8.16712002E+07;-3.45313345E+04;1.51891608E+01;2.58583460E+01;1.59139736E-03
2451777.5; 2000-Aug-21 00:00:00;1.28986108E+08;-7.94300446E+07;-3.34828076E+04;1.45642382E+01;2.60109704E+01;2.26825252E-02
2451778.5; 2000-Aug-22 00:00:00;1.30218230E+08;-7.71780565E+07;-3.06276754E+04;1.39618405E+01;2.61098069E+01;4.32187310E-02
2451779.5; 2000-Aug-23 00:00:00;1.31399703E+08;-7.49196546E+07;-2.60650247E+04;1.33937547E+01;2.61606791E+01;6.20026641E-02
2451780.5; 2000-Aug-24 00:00:00;1.32533975E+08;-7.26586117E+07;-2.00000147E+04;1.28709130E+01;2.61727616E+01;7.77877792E-02
2451781.5; 2000-Aug-25 00:00:00;1.33625360E+08;-7.03977559E+07;-1.27445520E+04;1.24022435E+01;2.61587564E+01;8.93683512E-02
2451782.5; 2000-Aug-26 00:00:00;1.34678805E+08;-6.81386738E+07;-4.70823828E+03;1.19931903E+01;2.61345752E+01;9.57147975E-02
2451783.5; 2000-Aug-27 00:00:00;1.35699519E+08;-6.58814761E+07;3.62401892E+03;1.16441795E+01;2.61182151E+01;9.61427885E-02
2451784.5; 2000-Aug-28 00:00:00;1.36692492E+08;-6.36246989E+07;1.17290741E+04;1.13495776E+01;2.61277194E+01;9.04744422E-02
2451785.5; 2000-Aug-29 00:00:00;1.37661963E+08;-6.13654110E+07;1.90939003E+04;1.10977684E+01;2.61785550E+01;7.91272661E-02
2451786.5; 2000-Aug-30 00:00:00;1.38610957E+08;-5.90995461E+07;2.52664337E+04;1.08726451E+01;2.62812040E+01;6.30770794E-02
2451787.5; 2000-Aug-31 00:00:00;1.39541004E+08;-5.68224004E+07;2.98974283E+04;1.06561692E+01;2.64398435E+01;4.36920320E-02
2451788.5; 2000-Sep-01 00:00:00;1.40452093E+08;-5.45291798E+07;3.27643333E+04;1.04311150E+01;2.66525364E+01;2.24959639E-02
2451789.5; 2000-Sep-02 00:00:00;1.41342836E+08;-5.22154738E+07;3.37747505E+04;1.01831078E+01;2.69126494E+01;9.45853029E-04
2451790.5; 2000-Sep-03 00:00:00;1.42210764E+08;-4.98775783E+07;3.29536551E+04;9.90153430E+00;2.72107744E+01;-1.97149783E-02
2451791.5; 2000-Sep-04 00:00:00;1.43052652E+08;-4.75126585E+07;3.04218980E+04;9.57945339E+00;2.75364577E+01;-3.85131418E-02
2451792.5; 2000-Sep-05 00:00:00;1.43864811E+08;-4.51187830E+07;2.63730539E+04;9.21292651E+00;2.78793702E+01;-5.47325567E-02
2451793.5; 2000-Sep-06 00:00:00;1.44643313E+08;-4.26948854E+07;2.10531160E+04;8.80019085E+00;2.82298762E+01;-6.78666785E-02
2451794.5; 2000-Sep-07 00:00:00;1.45384144E+08;-4.02406965E+07;1.47447785E+04;8.34095086E+00;2.85791485E+01;-7.75639051E-02
2451795.5; 2000-Sep-08 00:00:00;1.46083310E+08;-3.77566797E+07;7.75607259E+03;7.83591012E+00;2.89190197E+01;-8.35833340E-02
2451796.5; 2000-Sep-09 00:00:00;1.46736912E+08;-3.52439842E+07;4.12077587E+02;7.28656307E+00;2.92417358E+01;-8.57685073E-02
2451797.5; 2000-Sep-10 00:00:00;1.47341217E+08;-3.27044196E+07;-6.95194949E+03;6.69521277E+00;2.95397362E+01;-8.40407554E-02
2451798.5; 2000-Sep-11 00:00:00;1.47892729E+08;-3.01404450E+07;-1.39976583E+04;6.06515541E+00;2.98055449E+01;-7.84102741E-02
2451799.5; 2000-Sep-12 00:00:00;1.48388291E+08;-2.75551600E+07;-2.03922664E+04;5.40095618E+00;3.00318327E+01;-6.90006545E-02
2451800.5; 2000-Sep-13 00:00:00;1.48825205E+08;-2.49522827E+07;-2.58196944E+04;4.70872654E+00;3.02116774E+01;-5.60803408E-02
2451801.5; 2000-Sep-14 00:00:00;1.49201376E+08;-2.23360958E+07;-2.99944158E+04;3.99630440E+00;3.03390141E+01;-4.00924730E-02
2451802.5; 2000-Sep-15 00:00:00;1.49515459E+08;-1.97113484E+07;-3.26774748E+04;3.27324675E+00;3.04092211E+01;-2.16736737E-02
2451803.5; 2000-Sep-16 00:00:00;1.49767003E+08;-1.70831037E+07;-3.36933464E+04;2.55057660E+00;3.04197464E+01;-1.65365583E-03
2451804.5; 2000-Sep-17 00:00:00;1.49956555E+08;-1.44565359E+07;-3.29457615E+04;1.84028018E+00;3.03706598E+01;1.89686202E-02
2451805.5; 2000-Sep-18 00:00:00;1.50085713E+08;-1.18366851E+07;-3.04304748E+04;1.15460505E+00;3.02650356E+01;3.90713153E-02
2451806.5; 2000-Sep-19 00:00:00;1.50157118E+08;-9.22818945E+06;-2.62432267E+04;5.05241253E-01;3.01091097E+01;5.74735328E-02
2451807.5; 2000-Sep-20 00:00:00;1.50174363E+08;-6.63501370E+06;-2.05816610E+04;-9.75405232E-02;2.99122089E+01;7.30105255E-02
2451808.5; 2000-Sep-21 00:00:00;1.50141837E+08;-4.06019281E+06;-1.37404032E+04;-6.45753509E-01;2.96864594E+01;8.46164278E-02
2451809.5; 2000-Sep-22 00:00:00;1.50064491E+08;-1.50561106E+06;-6.09870781E+03;-1.13454590E+00;2.94462614E+01;9.14134980E-02
2451810.5; 2000-Sep-23 00:00:00;1.49947530E+08;1.02816127E+06;1.89984693E+03;-1.56299706E+00;2.92074659E+01;9.28063494E-02
2451811.5; 2000-Sep-24 00:00:00;1.49796044E+08;3.54194452E+06;9.77576368E+03;-1.93473144E+00;2.89861790E+01;8.85729523E-02
2451812.5; 2000-Sep-25 00:00:00;1.49614605E+08;6.03790643E+06;1.70490881E+04;-2.25811640E+00;2.87972007E+01;7.89327482E-02
2451813.5; 2000-Sep-26 00:00:00;1.49406873E+08;8.51937438E+06;2.32787524E+04;-2.54577926E+00;2.86522895E+01;6.45634926E-02
2451814.5; 2000-Sep-27 00:00:00;1.49175275E+08;1.09905042E+07;2.81002457E+04;-2.81331751E+00;2.85586589E+01;4.65430979E-02
2451815.5; 2000-Sep-28 00:00:00;1.48920831E+08;1.34558463E+07;3.12548732E+04;-3.07737885E+00;2.85181754E+01;2.62156280E-02
2451816.5; 2000-Sep-29 00:00:00;1.48643151E+08;1.59198847E+07;3.26051658E+04;-3.35359196E+00;2.85275463E+01;5.01211430E-03
2451817.5; 2000-Sep-30 00:00:00;1.48340603E+08;1.83866324E+07;3.21346582E+04;-3.65491919E+00;2.85794060E+01;-1.57233092E-02
2451818.5; 2000-Oct-01 00:00:00;1.48010582E+08;2.08593463E+07;2.99345661E+04;-3.99080304E+00;2.86638847E+01;-3.48571221E-02
2451819.5; 2000-Oct-02 00:00:00;1.47649825E+08;2.33403788E+07;2.61827372E+04;-4.36713275E+00;2.87701462E+01;-5.15209030E-02
2451820.5; 2000-Oct-03 00:00:00;1.47254692E+08;2.58311473E+07;2.11206531E+04;-4.78678351E+00;2.88875360E+01;-6.51051510E-02
2451821.5; 2000-Oct-04 00:00:00;1.46821401E+08;2.83321810E+07;1.50327448E+04;-5.25039119E+00;2.90062104E+01;-7.52163551E-02
2451822.5; 2000-Oct-05 00:00:00;1.46346183E+08;3.08432015E+07;8.23008338E+03;-5.75708669E+00;2.91173136E+01;-8.16223609E-02
2451823.5; 2000-Oct-06 00:00:00;1.45825388E+08;3.33632040E+07;1.03861202E+03;-6.30503079E+00;2.92128510E+01;-8.42042245E-02
2451824.5; 2000-Oct-07 00:00:00;1.45255558E+08;3.58905203E+07;-6.20912989E+03;-6.89169172E+00;2.92854166E+01;-8.29245756E-02
2451825.5; 2000-Oct-08 00:00:00;1.44633480E+08;3.84228577E+07;-1.31804189E+04;-7.51387040E+00;2.93279075E+01;-7.78164111E-02
2451826.5; 2000-Oct-09 00:00:00;1.43956254E+08;4.09573152E+07;-1.95486901E+04;-8.16751235E+00;2.93333328E+01;-6.89924730E-02
2451827.5; 2000-Oct-10 00:00:00;1.43221377E+08;4.34903914E+07;-2.50014963E+04;-8.84736937E+00;2.92948019E+01;-5.66726575E-02
2451828.5; 2000-Oct-11 00:00:00;1.42426868E+08;4.60180016E+07;-2.92514262E+04;-9.54660391E+00;2.92057646E+01;-4.12238107E-02
2451829.5; 2000-Oct-12 00:00:00;1.41571416E+08;4.85355276E+07;-3.20506572E+04;-1.02564664E+01;2.90605367E+01;-2.32020713E-02
2451830.5; 2000-Oct-13 00:00:00;1.40654553E+08;5.10379254E+07;-3.32087736E+04;-1.09662073E+01;2.88550865E+01;-3.38336195E-03
2451831.5; 2000-Oct-14 00:00:00;1.39676817E+08;5.35199069E+07;-3.26120998E+04;-1.16633782E+01;2.85879582E+01;1.72347511E-02
2451832.5; 2000-Oct-15 00:00:00;1.38639868E+08;5.59762009E+07;-3.02414411E+04;-1.23346057E+01;2.82611122E+01;3.74734048E-02
2451833.5; 2000-Oct-16 00:00:00;1.37546523E+08;5.84018726E+07;-2.61843523E+04;-1.29667785E+01;2.78804203E+01;5.60580435E-02
2451834.5; 2000-Oct-17 00:00:00;1.36400667E+08;6.07926639E+07;-2.06384313E+04;-1.35484343E+01;2.74556150E+01;7.17373897E-02
2451835.5; 2000-Oct-18 00:00:00;1.35207058E+08;6.31453034E+07;-1.39037282E+04;-1.40710484E+01;2.69996508E+01;8.34118884E-02
2451836.5; 2000-Oct-19 00:00:00;1.33971028E+08;6.54577398E+07;-6.36460272E+03;-1.45299623E+01;2.65276113E+01;9.02456531E-02
2451837.5; 2000-Oct-20 00:00:00;1.32698129E+08;6.77292701E+07;1.53670411E+03;-1.49248327E+01;2.60553972E+01;9.17444586E-02
2451838.5; 2000-Oct-21 00:00:00;1.31393751E+08;6.99605527E+07;9.33155670E+03;-1.52596217E+01;2.55984105E+01;8.77950102E-02
2451839.5; 2000-Oct-22 00:00:00;1.30062772E+08;7.21535114E+07;1.65582607E+04;-1.55422230E+01;2.51703601E+01;7.86694473E-02
2451840.5; 2000-Oct-23 00:00:00;1.28709239E+08;7.43111443E+07;2.27944828E+04;-1.57838038E+01;2.47822387E+01;6.50002727E-02
2451841.5; 2000-Oct-24 00:00:00;1.27336124E+08;7.64372509E+07;2.76863008E+04;-1.59978946E+01;2.44415026E+01;4.77273845E-02
2451842.5; 2000-Oct-25 00:00:00;1.25945170E+08;7.85361021E+07;3.09714497E+04;-1.61992444E+01;2.41515321E+01;2.80166884E-02
2451843.5; 2000-Oct-26 00:00:00;1.24536838E+08;8.06120774E+07;3.24943913E+04;-1.64025194E+01;2.39114886E+01;7.15339499E-03
2451844.5; 2000-Oct-27 00:00:00;1.23110374E+08;8.26693124E+07;3.22114673E+04;-1.66210125E+01;2.37166579E+01;-1.35780100E-02
2451845.5; 2000-Oct-28 00:00:00;1.21663972E+08;8.47113957E+07;3.01858238E+04;-1.68655986E+01;2.35592566E+01;-3.30067209E-02
2451846.5; 2000-Oct-29 00:00:00;1.20195018E+08;8.67411499E+07;2.65736777E+04;-1.71441310E+01;2.34295371E+01;-5.01598676E-02
2451847.5; 2000-Oct-30 00:00:00;1.18700350E+08;8.87605126E+07;2.16050748E+04;-1.74613521E+01;2.33169372E+01;-6.43046013E-02
2451848.5; 2000-Oct-31 00:00:00;1.17176523E+08;9.07705087E+07;1.55628870E+04;-1.78192338E+01;2.32110316E+01;-7.49478553E-02
2451849.5; 2000-Nov-01 00:00:00;1.15620020E+08;9.27712920E+07;8.76327849E+03;-1.82175676E+01;2.31021441E+01;-8.18051015E-02
2451850.5; 2000-Nov-02 00:00:00;1.14027412E+08;9.47622225E+07;1.53962148E+03;-1.86546000E+01;2.29815978E+01;-8.47545557E-02
2451851.5; 2000-Nov-03 00:00:00;1.12395469E+08;9.67419533E+07;-5.76956878E+03;-1.91275587E+01;2.28416750E+01;-8.37921692E-02
2451852.5; 2000-Nov-04 00:00:00;1.10721234E+08;9.87085045E+07;-1.28292556E+04;-1.96329780E+01;2.26753975E+01;-7.89983273E-02
2451853.5; 2000-Nov-05 00:00:00;1.09002072E+08;1.00659315E+08;-1.93143682E+04;-2.01667909E+01;2.24762465E+01;-7.05224421E-02
2451854.5; 2000-Nov-06 00:00:00;1.07235732E+08;1.02591272E+08;-2.49158332E+04;-2.07241959E+01;2.22379294E+01;-5.85879797E-02
2451855.5; 2000-Nov-07 00:00:00;1.05420419E+08;1.04500724E+08;-2.93479242E+04;-2.12993338E+01;2.19542986E+01;-4.35176706E-02
2451856.5; 2000-Nov-08 00:00:00;1.03554907E+08;1.06383501E+08;-3.23585508E+04;-2.18848474E+01;2.16195186E+01;-2.57754326E-02
2451857.5; 2000-Nov-09 00:00:00;1.01638684E+08;1.08234958E+08;-3.37436088E+04;-2.24714512E+01;2.12285695E+01;-6.01644409E-03
2451858.5; 2000-Nov-10 00:00:00;9.96721359E+07;1.10050081E+08;-3.33654620E+04;-2.30477059E+01;2.07781169E+01;1.48706420E-02
2451859.5; 2000-Nov-11 00:00:00;9.76567223E+07;1.11823684E+08;-3.11738992E+04;-2.36002462E+01;2.02676646E+01;3.57530160E-02
2451860.5; 2000-Nov-12 00:00:00;9.55951114E+07;1.13550702E+08;-2.72257100E+04;-2.41146770E+01;1.97007208E+01;5.53002156E-02
2451861.5; 2000-Nov-13 00:00:00;9.34912045E+07;1.15226575E+08;-2.16971780E+04;-2.45771675E+01;1.90855466E+01;7.21021095E-02
2451862.5; 2000-Nov-14 00:00:00;9.13500013E+07;1.16847664E+08;-1.48836267E+04;-2.49764594E+01;1.84350444E+01;8.48457163E-02
2451863.5; 2000-Nov-15 00:00:00;8.91772947E+07;1.18411604E+08;-7.18264447E+03;-2.53057189E+01;1.77655950E+01;9.25068063E-02
2451864.5; 2000-Nov-16 00:00:00;8.69792334E+07;1.19917528E+08;9.37760895E+02;-2.55636279E+01;1.70950828E+01;9.44977979E-02
2451865.5; 2000-Nov-17 00:00:00;8.47618376E+07;1.21366101E+08;8.98025559E+03;-2.57544071E+01;1.64406894E+01;9.07297227E-02
2451866.5; 2000-Nov-18 00:00:00;8.25305535E+07;1.22759369E+08;1.64605958E+04;-2.58869040E+01;1.58170655E+01;8.15833199E-02
2451867.5; 2000-Nov-19 00:00:00;8.02899135E+07;1.24100497E+08;2.29445555E+04;-2.59731765E+01;1.52352152E+01;6.78172192E-02
2451868.5; 2000-Nov-20 00:00:00;7.80433230E+07;1.25393422E+08;2.80756094E+04;-2.60270197E+01;1.47020904E+01;5.04518171E-02
2451869.5; 2000-Nov-21 00:00:00;7.57929669E+07;1.26642511E+08;3.15926306E+04;-2.60627046E+01;1.42206831E+01;3.06576656E-02
2451870.5; 2000-Nov-22 00:00:00;7.35398129E+07;1.27852231E+08;3.33386291E+04;-2.60939965E+01;1.37903862E+01;9.66043069E-03
2451871.5; 2000-Nov-23 00:00:00;7.12836888E+07;1.29026857E+08;3.32620153E+04;-2.61334060E+01;1.34074774E+01;-1.13376583E-02
2451872.5; 2000-Nov-24 00:00:00;6.90234168E+07;1.30170229E+08;3.14116498E+04;-2.61916132E+01;1.30656792E+01;-3.12236474E-02
2451873.5; 2000-Nov-25 00:00:00;6.67569915E+07;1.31285555E+08;2.79266897E+04;-2.62770454E+01;1.27567940E+01;-4.90283277E-02
2451874.5; 2000-Nov-26 00:00:00;6.44817860E+07;1.32375280E+08;2.30223059E+04;-2.63956362E+01;1.24714032E+01;-6.39666622E-02
2451875.5; 2000-Nov-27 00:00:00;6.21947700E+07;1.33441004E+08;1.69726753E+04;-2.65507997E+01;1.21995790E+01;-7.54597256E-02
2451876.5; 2000-Nov-28 00:00:00;5.98927213E+07;1.34483475E+08;1.00929829E+04;-2.67436227E+01;1.19315243E+01;-8.31356039E-02
2451877.5; 2000-Nov-29 00:00:00;5.75724112E+07;1.35502615E+08;2.72220488E+03;-2.69732285E+01;1.16580555E+01;-8.68111306E-02
2451878.5; 2000-Nov-30 00:00:00;5.52307560E+07;1.36497591E+08;-4.79191946E+03;-2.72372217E+01;1.13708750E+01;-8.64608325E-02
2451879.5; 2000-Dec-01 00:00:00;5.28649287E+07;1.37466895E+08;-1.21049971E+04;-2.75321131E+01;1.10626327E+01;-8.21819867E-02
2451880.5; 2000-Dec-02 00:00:00;5.04724393E+07;1.38408419E+08;-1.88852291E+04;-2.78536362E+01;1.07268186E+01;-7.41646799E-02
2451881.5; 2000-Dec-03 00:00:00;4.80511937E+07;1.39319525E+08;-2.48205513E+04;-2.81968961E+01;1.03575640E+01;-6.26739778E-02
2451882.5; 2000-Dec-04 00:00:00;4.55995491E+07;1.40197087E+08;-2.96249353E+04;-2.85563246E+01;9.94943710E+00;-4.80488579E-02
2451883.5; 2000-Dec-05 00:00:00;4.31163804E+07;1.41037521E+08;-3.30454057E+04;-2.89254482E+01;9.49733482E+00;-3.07200059E-02
2451884.5; 2000-Dec-06 00:00:00;4.06011743E+07;1.41836824E+08;-3.48713903E+04;-2.92965080E+01;8.99657520E+00;-1.12455377E-02
2451885.5; 2000-Dec-07 00:00:00;3.80541589E+07;1.42590616E+08;-3.49477491E+04;-2.96600302E+01;8.44329945E+00;9.64107281E-03
2451886.5; 2000-Dec-08 00:00:00;3.54764671E+07;1.43294246E+08;-3.31920178E+04;-3.00045237E+01;7.83526642E+00;3.09844647E-02
2451887.5; 2000-Dec-09 00:00:00;3.28703104E+07;1.43942984E+08;-2.96147754E+04;-3.03165746E+01;7.17302721E+00;5.15865750E-02
2451888.5; 2000-Dec-10 00:00:00;3.02391163E+07;1.44532314E+08;-2.43395203E+04;-3.05816533E+01;6.46126973E+00;7.00446021E-02
2451889.5; 2000-Dec-11 00:00:00;2.75875578E+07;1.45058344E+08;-1.76156200E+04;-3.07858216E+01;5.70985366E+00;8.48766595E-02
2451890.5; 2000-Dec-12 00:00:00;2.49214005E+07;1.45518266E+08;-9.81644544E+03;-3.09181575E+01;4.93388233E+00;9.47352672E-02
2451891.5; 2000-Dec-13 00:00:00;2.22471332E+07;1.45910758E+08;-1.41687565E+03;-3.09731956E+01;4.15233377E+00;9.86587289E-02
2451892.5; 2000-Dec-14 00:00:00;1.95714229E+07;1.46236212E+08;7.04934224E+03;-3.09524011E+01;3.38538712E+00;9.62697140E-02
2451893.5; 2000-Dec-15 00:00:00;1.69005104E+07;1.46496703E+08;1.50439874E+04;-3.08639967E+01;2.65129913E+00;8.78392074E-02
2451894.5; 2000-Dec-16 00:00:00;1.42396919E+07;1.46695707E+08;2.20775100E+04;-3.07212484E+01;1.96394034E+00;7.41972086E-02
2451895.5; 2000-Dec-17 00:00:00;1.15929875E+07;1.46837664E+08;2.77495715E+04;-3.05400067E+01;1.33167631E+00;5.65432764E-02
2451896.5; 2000-Dec-18 00:00:00;8.96302099E+06;1.46927500E+08;3.17718672E+04;-3.03364174E+01;7.57556211E-01;3.62389489E-02
2451897.5; 2000-Dec-19 00:00:00;6.35106810E+06;1.46970210E+08;3.39745682E+04;-3.01253418E+01;2.40287547E-01;1.46429430E-02
2451898.5; 2000-Dec-20 00:00:00;3.75720749E+06;1.46970533E+08;3.43012368E+04;-2.99195493E+01;-2.24577862E-01;-6.99062552E-03
2451899.5; 2000-Dec-21 00:00:00;1.18051532E+06;1.46932724E+08;3.27973707E+04;-2.97294664E+01;-6.43609079E-01;-2.75610805E-02
2451900.5; 2000-Dec-22 00:00:00;-1.38073262E+06;1.46860410E+08;2.95962612E+04;-2.95632107E+01;-1.02472979E+00;-4.61380503E-02
2451901.5; 2000-Dec-23 00:00:00;-3.92886656E+06;1.46756491E+08;2.49040960E+04;-2.94267153E+01;-1.37668259E+00;-6.19645180E-02
2451902.5; 2000-Dec-24 00:00:00;-6.46663953E+06;1.46623095E+08;1.89849968E+04;-2.93238533E+01;-1.70863196E+00;-7.44562828E-02
2451903.5; 2000-Dec-25 00:00:00;-8.99705437E+06;1.46461549E+08;1.21461369E+04;-2.92565541E+01;-2.02982791E+00;-8.32006571E-02
2451904.5; 2000-Dec-26 00:00:00;-1.15232013E+07;1.46272390E+08;4.72305336E+03;-2.92249369E+01;-2.34929418E+00;-8.79527881E-02
2451905.5; 2000-Dec-27 00:00:00;-1.40481090E+07;1.46055395E+08;-2.93451930E+03;-2.92274921E+01;-2.67554751E+00;-8.86269078E-02
2451906.5; 2000-Dec-28 00:00:00;-1.65746135E+07;1.45809635E+08;-1.04757890E+04;-2.92613139E+01;-3.01637858E+00;-8.52813086E-02
2451907.5; 2000-Dec-29 00:00:00;-1.91052489E+07;1.45533544E+08;-1.75605202E+04;-2.93223598E+01;-3.37872566E+00;-7.80985497E-02
2451908.5; 2000-Dec-30 00:00:00;-2.16421597E+07;1.45224996E+08;-2.38688694E+04;-2.94056879E+01;-3.76865243E+00;-6.73648897E-02
2451909.5; 2000-Dec-31 00:00:00;-2.41870306E+07;1.44881375E+08;-2.91095999E+04;-2.95056192E+01;-4.19141135E+00;-5.34542608E-02
2451910.5; A.D. 2001-Jan-01 00:00:00;-2.67410260E+07;1.44499643E+08;-3.30272988E+04;-2.96157788E+01;-4.65154436E+00;-3.68219817E-02
2451911.5; A.D. 2001-Jan-02 00:00:00;-2.93047262E+07;1.44076399E+08;-3.54096162E+04;-2.97289957E+01;-5.15294726E+00;-1.80120170E-02
2451912.5; A.D. 2001-Jan-03 00:00:00;-3.18780497E+07;1.43607933E+08;-3.60957743E+04;-2.98370714E+01;-5.69880533E+00;2.32095196E-03
2451913.5; A.D. 2001-Jan-04 00:00:00;-3.44601512E+07;1.43090301E+08;-3.49875405E+04;-2.99304792E+01;-6.29129699E+00;2.33775175E-02
2451914.5; A.D. 2001-Jan-05 00:00:00;-3.70492961E+07;1.42519435E+08;-3.20633411E+04;-2.99981264E+01;-6.93097186E+00;4.41771539E-02
2451915.5; A.D. 2001-Jan-06 00:00:00;-3.96427234E+07;1.41891325E+08;-2.73949663E+04;-3.00274057E+01;-7.61576998E+00;6.35388267E-02
2451916.5; A.D. 2001-Jan-07 00:00:00;-4.22365382E+07;1.41202295E+08;-2.11641604E+04;-3.00048401E+01;-8.33980167E+00;8.01087625E-02
2451917.5; A.D. 2001-Jan-08 00:00:00;-4.48256941E+07;1.40449384E+08;-1.36735376E+04;-2.99175915E+01;-9.09226787E+00;9.24690152E-02
2451918.5; A.D. 2001-Jan-09 00:00:00;-4.74041464E+07;1.39630789E+08;-5.34393378E+03;-2.97558275E+01;-9.85717309E+00;9.93423244E-02
2451919.5; A.D. 2001-Jan-10 00:00:00;-4.99652278E+07;1.38746281E+08;3.30913872E+03;-2.95153892E+01;-1.06145030E+01;9.98601051E-02
2451920.5; A.D. 2001-Jan-11 00:00:00;-5.25022300E+07;1.37797435E+08;1.17217170E+04;-2.91996698E+01;-1.13430299E+01;9.38001023E-02
2451921.5; A.D. 2001-Jan-12 00:00:00;-5.50090733E+07;1.36787581E+08;1.93426380E+04;-2.88196466E+01;-1.20239848E+01;8.16800014E-02
2451922.5; A.D. 2001-Jan-13 00:00:00;-5.74808867E+07;1.35721447E+08;2.56943065E+04;-2.83918429E+01;-1.26441725E+01;6.46520318E-02
2451923.5; A.D. 2001-Jan-14 00:00:00;-5.99143512E+07;1.34604604E+08;3.04172099E+04;-2.79351006E+01;-1.31973642E+01;4.42483867E-02
2451924.5; A.D. 2001-Jan-15 00:00:00;-6.23077624E+07;1.33442870E+08;3.32901375E+04;-2.74675111E+01;-1.36837969E+01;2.20938805E-02
2451925.5; A.D. 2001-Jan-16 00:00:00;-6.46608705E+07;1.32241825E+08;3.42279990E+04;-2.70044338E+01;-1.41084952E+01;-3.13208953E-04
2451926.5; A.D. 2001-Jan-17 00:00:00;-6.69746043E+07;1.31006474E+08;3.32652327E+04;-2.65577603E+01;-1.44793513E+01;-2.17148515E-02
2451927.5; A.D. 2001-Jan-18 00:00:00;-6.92507733E+07;1.29741078E+08;3.05334346E+04;-2.61360570E+01;-1.48055807E+01;-4.11189980E-02
2451928.5; A.D. 2001-Jan-19 00:00:00;-7.14918026E+07;1.28449079E+08;2.62391898E+04;-2.57451046E+01;-1.50967473E+01;-5.77756971E-02
2451929.5; A.D. 2001-Jan-20 00:00:00;-7.37005177E+07;1.27133098E+08;2.06448523E+04;-2.53884809E+01;-1.53622725E+01;-7.11372633E-02
2451930.5; A.D. 2001-Jan-21 00:00:00;-7.58799748E+07;1.25794955E+08;1.40526840E+04;-2.50680131E+01;-1.56112486E+01;-8.08225164E-02
2451931.5; A.D. 2001-Jan-22 00:00:00;-7.80333232E+07;1.24435700E+08;6.79159675E+03;-2.47840594E+01;-1.58523879E+01;-8.65927949E-02
2451932.5; A.D. 2001-Jan-23 00:00:00;-8.01636853E+07;1.23055648E+08;-7.94553187E+02;-2.45356552E+01;-1.60939940E+01;-8.83395349E-02
2451933.5; A.D. 2001-Jan-24 00:00:00;-8.22740456E+07;1.21654418E+08;-8.35795696E+03;-2.43205836E+01;-1.63438961E+01;-8.60793333E-02
2451934.5; A.D. 2001-Jan-25 00:00:00;-8.43671449E+07;1.20230975E+08;-1.55575594E+04;-2.41354302E+01;-1.66093382E+01;-7.99514888E-02
2451935.5; A.D. 2001-Jan-26 00:00:00;-8.64453799E+07;1.18783688E+08;-2.20695122E+04;-2.39756597E+01;-1.68968436E+01;-7.02141198E-02
2451936.5; A.D. 2001-Jan-27 00:00:00;-8.85107110E+07;1.17310401E+08;-2.75971635E+04;-2.38357234E+01;-1.72120879E+01;-5.72372743E-02
2451937.5; A.D. 2001-Jan-28 00:00:00;-9.05645794E+07;1.15808503E+08;-3.18803513E+04;-2.37091786E+01;-1.75598049E+01;-4.14940746E-02
2451938.5; A.D. 2001-Jan-29 00:00:00;-9.26078349E+07;1.14275023E+08;-3.47039519E+04;-2.35887853E+01;-1.79437287E+01;-2.35529621E-02
2451939.5; A.D. 2001-Jan-30 00:00:00;-9.46406691E+07;1.12706706E+08;-3.59059434E+04;-2.34665461E+01;-1.83665420E+01;-4.07478336E-03
2451940.5; A.D. 2001-Jan-31 00:00:00;-9.66625487E+07;1.11100119E+08;-3.53855284E+04;-2.33336740E+01;-1.88297740E+01;1.61826354E-02
2451941.5; A.D. 2001-Feb-01 00:00:00;-9.86721446E+07;1.09451751E+08;-3.31119776E+04;-2.31805160E+01;-1.93335685E+01;3.63528468E-02
2451942.5; A.D. 2001-Feb-02 00:00:00;-1.00667254E+08;1.07758156E+08;-2.91346039E+04;-2.29965151E+01;-1.98762482E+01;5.54477385E-02
2451943.5; A.D. 2001-Feb-03 00:00:00;-1.02644729E+08;1.06016133E+08;-2.35934842E+04;-2.27703683E+01;-2.04536353E+01;7.23561587E-02
2451944.5; A.D. 2001-Feb-04 00:00:00;-1.04600429E+08;1.04222981E+08;-1.67290531E+04;-2.24906071E+01;-2.10581987E+01;8.58755678E-02
2451945.5; A.D. 2001-Feb-05 00:00:00;-1.06529259E+08;1.02376825E+08;-8.88659979E+03;-2.21468210E+01;-2.16782799E+01;9.48025108E-02
2451946.5; A.D. 2001-Feb-06 00:00:00;-1.08425337E+08;1.00476985E+08;-5.09721739E+02;-2.17315897E+01;-2.22978811E+01;9.80986479E-02
2451947.5; A.D. 2001-Feb-07 00:00:00;-1.10282352E+08;9.85243221E+07;7.88343371E+03;-2.12427857E+01;-2.28976073E+01;9.51164773E-02
2451948.5; A.D. 2001-Feb-08 00:00:00;-1.12094108E+08;9.65214396E+07;1.57437654E+04;-2.06854022E+01;-2.34570825E+01;8.58172925E-02
2451949.5; A.D. 2001-Feb-09 00:00:00;-1.13855166E+08;9.44726184E+07;2.25495904E+04;-2.00718460E+01;-2.39584177E+01;7.08777784E-02
2451950.5; A.D. 2001-Feb-10 00:00:00;-1.15561422E+08;9.23834559E+07;2.78663726E+04;-1.94201528E+01;-2.43894974E+01;5.16083944E-02
2451951.5; A.D. 2001-Feb-11 00:00:00;-1.17210457E+08;9.02602763E+07;3.13914619E+04;-1.87506706E+01;-2.47457180E+01;2.96998885E-02
2451952.5; A.D. 2001-Feb-12 00:00:00;-1.18801582E+08;8.81094836E+07;3.29732150E+04;-1.80825791E+01;-2.50296190E+01;6.90593714E-03
2451953.5; A.D. 2001-Feb-13 00:00:00;-1.20335621E+08;8.59370202E+07;3.26045336E+04;-1.74314947E+01;-2.52489558E+01;-1.52145345E-02
2451954.5; A.D. 2001-Feb-14 00:00:00;-1.21814560E+08;8.37480196E+07;3.03993078E+04;-1.68085949E+01;-2.54143069E+01;-3.54314521E-02
2451955.5; A.D. 2001-Feb-15 00:00:00;-1.23241164E+08;8.15466534E+07;2.65624870E+04;-1.62209283E+01;-2.55370933E+01;-5.28629941E-02
2451956.5; A.D. 2001-Feb-16 00:00:00;-1.24618662E+08;7.93361167E+07;2.13617924E+04;-1.56722917E+01;-2.56283605E+01;-6.69267757E-02
2451957.5; A.D. 2001-Feb-17 00:00:00;-1.25950504E+08;7.71186873E+07;1.51048717E+04;-1.51641706E+01;-2.56982531E+01;-7.72692062E-02
2451958.5; A.D. 2001-Feb-18 00:00:00;-1.27240196E+08;7.48958092E+07;8.12237679E+03;-1.46964721E+01;-2.57559441E+01;-8.37023173E-02
2451959.5; A.D. 2001-Feb-19 00:00:00;-1.28491185E+08;7.26681706E+07;7.55688611E+02;-1.42679773E+01;-2.58097794E+01;-8.61603019E-02
2451960.5; A.D. 2001-Feb-20 00:00:00;-1.29706771E+08;7.04357679E+07;-6.65252573E+03;-1.38765430E+01;-2.58674648E+01;-8.46770135E-02
2451961.5; A.D. 2001-Feb-21 00:00:00;-1.30890032E+08;6.81979542E+07;-1.37665768E+04;-1.35191281E+01;-2.59361927E+01;-7.93802468E-02
2451962.5; A.D. 2001-Feb-22 00:00:00;-1.32043742E+08;6.59534824E+07;-2.02660253E+04;-1.31917261E+01;-2.60226601E+01;-7.04965492E-02
2451963.5; A.D. 2001-Feb-23 00:00:00;-1.33170282E+08;6.37005511E+07;-2.58545889E+04;-1.28892817E+01;-2.61329716E+01;-5.83600482E-02
2451964.5; A.D. 2001-Feb-24 00:00:00;-1.34271552E+08;6.14368639E+07;-3.02697771E+04;-1.26056459E+01;-2.62724511E+01;-4.34196674E-02
2451965.5; A.D. 2001-Feb-25 00:00:00;-1.35348873E+08;5.91597064E+07;-3.32929350E+04;-1.23336061E+01;-2.64454020E+01;-2.62409331E-02
2451966.5; A.D. 2001-Feb-26 00:00:00;-1.36402899E+08;5.68660456E+07;-3.47591515E+04;-1.20649926E+01;-2.66548587E+01;-7.50103738E-03
2451967.5; A.D. 2001-Feb-27 00:00:00;-1.37433545E+08;5.45526495E+07;-3.45664821E+04;-1.17908440E+01;-2.69023586E+01;1.20217860E-02
2451968.5; A.D. 2001-Feb-28 00:00:00;-1.38439922E+08;5.22162253E+07;-3.26840914E+04;-1.15016042E+01;-2.71877357E+01;3.14621983E-02
2451969.5; A.D. 2001-Mar-01 00:00:00;-1.39420301E+08;4.98535758E+07;-2.91591191E+04;-1.11873375E+01;-2.75089074E+01;4.98832753E-02
2451970.5; A.D. 2001-Mar-02 00:00:00;-1.40372084E+08;4.74617755E+07;-2.41221074E+04;-1.08379874E+01;-2.78616146E+01;6.62948714E-02
2451971.5; A.D. 2001-Mar-03 00:00:00;-1.41291812E+08;4.50383728E+07;-1.77905166E+04;-1.04437563E+01;-2.82390883E+01;7.96809736E-02
2451972.5; A.D. 2001-Mar-04 00:00:00;-1.42175214E+08;4.25816225E+07;-1.04690952E+04;-9.99572780E+00;-2.86316845E+01;8.90474338E-02
2451973.5; A.D. 2001-Mar-05 00:00:00;-1.43017318E+08;4.00907469E+07;-2.54474425E+03;-9.48685567E+00;-2.90266378E+01;9.35038341E-02
2451974.5; A.D. 2001-Mar-06 00:00:00;-1.43812676E+08;3.75662023E+07;5.52750575E+03;-8.91334439E+00;-2.94082261E+01;9.23875600E-02
2451975.5; A.D. 2001-Mar-07 00:00:00;-1.44555706E+08;3.50099011E+07;1.32507708E+04;-8.27621456E+00;-2.97587071E+01;8.54192336E-02
2451976.5; A.D. 2001-Mar-08 00:00:00;-1.45241171E+08;3.24253095E+07;2.01259939E+04;-7.58252386E+00;-3.00602539E+01;7.28478995E-02
2451977.5; A.D. 2001-Mar-09 00:00:00;-1.45864714E+08;2.98173412E+07;2.57013325E+04;-6.84551887E+00;-3.02976787E+01;5.55184876E-02
2451978.5; A.D. 2001-Mar-10 00:00:00;-1.46423346E+08;2.71920075E+07;2.96217294E+04;-6.08321748E+00;-3.04611501E+01;3.48020051E-02
2451979.5; A.D. 2001-Mar-11 00:00:00;-1.46915743E+08;2.45558727E+07;3.16661082E+04;-5.31562495E+00;-3.05478368E+01;1.23847166E-02
2451980.5; A.D. 2001-Mar-12 00:00:00;-1.47342279E+08;2.19154408E+07;3.17625693E+04;-4.56153921E+00;-3.05617987E+01;-1.00138131E-02
2451981.5; A.D. 2001-Mar-13 00:00:00;-1.47704806E+08;1.92766238E+07;2.99799301E+04;-3.83609391E+00;-3.05123158E+01;-3.08897558E-02
2451982.5; A.D. 2001-Mar-14 00:00:00;-1.48006284E+08;1.66443912E+07;2.65020367E+04;-3.14968115E+00;-3.04115140E+01;-4.90976852E-02
2451983.5; A.D. 2001-Mar-15 00:00:00;-1.48250368E+08;1.40226221E+07;2.15949224E+04;-2.50815665E+00;-3.02722128E+01;-6.38767603E-02
2451984.5; A.D. 2001-Mar-16 00:00:00;-1.48441054E+08;1.14141120E+07;1.55754900E+04;-1.91378478E+00;-3.01065035E+01;-7.47974607E-02
2451985.5; A.D. 2001-Mar-17 00:00:00;-1.48582423E+08;8.82066860E+06;8.78645517E+03;-1.36635647E+00;-2.99251107E+01;-8.16773306E-02
2451986.5; A.D. 2001-Mar-18 00:00:00;-1.48678463E+08;6.24323594E+06;1.57855627E+03;-8.64120374E-01;-2.97373221E+01;-8.45014202E-02
2451987.5; A.D. 2001-Mar-19 00:00:00;-1.48732968E+08;3.68200983E+06;-5.70124931E+03;-4.04389371E-01;-2.95512236E+01;-8.33648084E-02
2451988.5; A.D. 2001-Mar-20 00:00:00;-1.48749470E+08;1.13652773E+06;-1.27177486E+04;1.61725597E-02;-2.93740214E+01;-7.84410787E-02
2451989.5; A.D. 2001-Mar-21 00:00:00;-1.48731188E+08;-1.39426775E+06;-1.91537319E+04;4.01514382E-01;-2.92123143E+01;-6.99735103E-02
2451990.5; A.D. 2001-Mar-22 00:00:00;-1.48680969E+08;-3.91198348E+06;-2.47162553E+04;7.56325044E-01;-2.90722336E+01;-5.82828408E-02
2451991.5; A.D. 2001-Mar-23 00:00:00;-1.48601214E+08;-6.41873551E+06;-2.91440337E+04;1.08623341E+00;-2.89594149E+01;-4.37844143E-02
2451992.5; A.D. 2001-Mar-24 00:00:00;-1.48493791E+08;-8.91709870E+06;-3.22164468E+04;1.39799331E+00;-2.88787954E+01;-2.70070898E-02
2451993.5; A.D. 2001-Mar-25 00:00:00;-1.48359935E+08;-1.14100321E+07;-3.37639801E+04;1.69957330E+00;-2.88342646E+01;-8.60634486E-03
2451994.5; A.D. 2001-Mar-26 00:00:00;-1.48200137E+08;-1.39007700E+07;-3.36793061E+04;2.00008854E+00;-2.88282250E+01;1.06349490E-02
2451995.5; A.D. 2001-Mar-27 00:00:00;-1.48014062E+08;-1.63926736E+07;-3.19277413E+04;2.30954482E+00;-2.88611428E+01;2.98221417E-02
2451996.5; A.D. 2001-Mar-28 00:00:00;-1.47800488E+08;-1.88890468E+07;-2.85556148E+04;2.63840540E+00;-2.89311717E+01;4.79812999E-02
2451997.5; A.D. 2001-Mar-29 00:00:00;-1.47557288E+08;-2.13929246E+07;-2.36951969E+04;2.99702606E+00;-2.90339080E+01;6.41056370E-02
2451998.5; A.D. 2001-Mar-30 00:00:00;-1.47281467E+08;-2.39068475E+07;-1.75651796E+04;3.39501473E+00;-2.91623019E+01;7.72112845E-02
2451999.5; A.D. 2001-Mar-31 00:00:00;-1.46969258E+08;-2.64326342E+07;-1.04660713E+04;3.84055362E+00;-2.93067190E+01;8.63988785E-02
2452000.5; A.D. 2001-Apr-01 00:00:00;-1.46616273E+08;-2.89711661E+07;-2.77005125E+03;4.33968755E+00;-2.94551475E+01;9.09204084E-02
2452001.5; A.D. 2001-Apr-02 00:00:00;-1.46217722E+08;-3.15221973E+07;5.09524193E+03;4.89556347E+00;-2.95935873E+01;9.02530596E-02
2452002.5; A.D. 2001-Apr-03 00:00:00;-1.45768697E+08;-3.40842093E+07;1.26696185E+04;5.50763886E+00;-2.97067180E+01;8.41799141E-02
2452003.5; A.D. 2001-Apr-04 00:00:00;-1.45264521E+08;-3.66543398E+07;1.94902539E+04;6.17097834E+00;-2.97789727E+01;7.28689942E-02
2452004.5; A.D. 2001-Apr-05 00:00:00;-1.44701150E+08;-3.92284244E+07;2.51276239E+04;6.87589882E+00;-2.97960747E+01;5.69287556E-02
2452005.5; A.D. 2001-Apr-06 00:00:00;-1.44075571E+08;-4.18011876E+07;2.92240598E+04;7.60830729E+00;-2.97468890E+01;3.74075703E-02
2452006.5; A.D. 2001-Apr-07 00:00:00;-1.43386138E+08;-4.43665918E+07;3.15287696E+04;8.35097166E+00;-2.96251601E+01;1.57093926E-02
2452007.5; A.D. 2001-Apr-08 00:00:00;-1.42632755E+08;-4.69183104E+07;3.19217877E+04;9.08562516E+00;-2.94305415E+01;-6.57503479E-03
2452008.5; A.D. 2001-Apr-09 00:00:00;-1.41816862E+08;-4.94502423E+07;3.04209609E+04;9.79538098E+00;-2.91684711E+01;-2.78826015E-02
2452009.5; A.D. 2001-Apr-10 00:00:00;-1.40941224E+08;-5.19569637E+07;2.71707332E+04;1.04667257E+01;-2.88488996E+01;-4.68736340E-02
2452010.5; A.D. 2001-Apr-11 00:00:00;-1.40009585E+08;-5.44340364E+07;2.24169186E+04;1.10905489E+01;-2.84843561E+01;-6.25537891E-02
2452011.5; A.D. 2001-Apr-12 00:00:00;-1.39026286E+08;-5.68781456E+07;1.64749588E+04;1.16621191E+01;-2.80880213E+01;-7.43034298E-02
2452012.5; A.D. 2001-Apr-13 00:00:00;-1.37995911E+08;-5.92870900E+07;9.69904526E+03;1.21803164E+01;-2.76723125E+01;-8.18336706E-02
2452013.5; A.D. 2001-Apr-14 00:00:00;-1.36923024E+08;-6.16596794E+07;2.45688021E+03;1.26465771E+01;-2.72481485E+01;-8.51062565E-02
2452014.5; A.D. 2001-Apr-15 00:00:00;-1.35811992E+08;-6.39955949E+07;-4.88834389E+03;1.30639204E+01;-2.68247960E+01;-8.42512425E-02
2452015.5; A.D. 2001-Apr-16 00:00:00;-1.34666875E+08;-6.62952539E+07;-1.19895506E+04;1.34362522E+01;-2.64100800E+01;-7.95030657E-02
2452016.5; A.D. 2001-Apr-17 00:00:00;-1.33491377E+08;-6.85597003E+07;-1.85229653E+04;1.37679933E+01;-2.60107437E+01;-7.11625535E-02
2452017.5; A.D. 2001-Apr-18 00:00:00;-1.32288796E+08;-7.07905268E+07;-2.41931298E+04;1.40639940E+01;-2.56327963E+01;-5.95840887E-02
2452018.5; A.D. 2001-Apr-19 00:00:00;-1.31061993E+08;-7.29898225E+07;-2.87377298E+04;1.43296620E+01;-2.52817452E+01;-4.51831347E-02
2452019.5; A.D. 2001-Apr-20 00:00:00;-1.29813326E+08;-7.51601331E+07;-3.19337199E+04;1.45712184E+01;-2.49626417E+01;-2.84575256E-02
2452020.5; A.D. 2001-Apr-21 00:00:00;-1.28544571E+08;-7.73044154E+07;-3.36056007E+04;1.47959837E+01;-2.46799068E+01;-1.00145384E-02
2452021.5; A.D. 2001-Apr-22 00:00:00;-1.27256816E+08;-7.94259675E+07;-3.36359429E+04;1.50125864E+01;-2.44369271E+01;9.40591383E-03
2452022.5; A.D. 2001-Apr-23 00:00:00;-1.25950346E+08;-8.15283143E+07;-3.19773525E+04;1.52309738E+01;-2.42354631E+01;2.89230230E-02
2452023.5; A.D. 2001-Apr-24 00:00:00;-1.24624537E+08;-8.36150383E+07;-2.86641135E+04;1.54621245E+01;-2.40749721E+01;4.75323542E-02
2452024.5; A.D. 2001-Apr-25 00:00:00;-1.23277795E+08;-8.56895533E+07;-2.38209766E+04;1.57174112E+01;-2.39520050E+01;6.41551638E-02
2452025.5; A.D. 2001-Apr-26 00:00:00;-1.21907560E+08;-8.77548357E+07;-1.76663206E+04;1.60076596E+01;-2.38598619E+01;7.77182923E-02
2452026.5; A.D. 2001-Apr-27 00:00:00;-1.20510398E+08;-8.98131429E+07;-1.05074571E+04;1.63420495E+01;-2.37886498E+01;8.72535916E-02
2452027.5; A.D. 2001-Apr-28 00:00:00;-1.19082192E+08;-9.18657565E+07;-2.72712633E+03;1.67270613E+01;-2.37257839E+01;9.19992020E-02
2452028.5; A.D. 2001-Apr-29 00:00:00;-1.17618414E+08;-9.39127846E+07;5.23818122E+03;1.71656566E+01;-2.36568607E+01;9.14849327E-02
2452029.5; A.D. 2001-Apr-30 00:00:00;-1.16114449E+08;-9.59530517E+07;1.29261476E+04;1.76567999E+01;-2.35667599E+01;8.55901897E-02
2452030.5; A.D. 2001-May-01 00:00:00;-1.14565951E+08;-9.79840873E+07;1.98802153E+04;1.81953381E+01;-2.34408328E+01;7.45708199E-02
2452031.5; A.D. 2001-May-02 00:00:00;-1.12969188E+08;-1.00002219E+08;2.56821779E+04;1.87722152E+01;-2.32660850E+01;5.90556935E-02
2452032.5; A.D. 2001-May-03 00:00:00;-1.11321363E+08;-1.02002763E+08;2.99831802E+04;1.93750113E+01;-2.30322985E+01;4.00130245E-02
2452033.5; A.D. 2001-May-04 00:00:00;-1.09620867E+08;-1.03980309E+08;3.25303980E+04;1.99888300E+01;-2.27330163E+01;1.86834141E-02
2452034.5; A.D. 2001-May-05 00:00:00;-1.07867440E+08;-1.05929080E+08;3.31863896E+04;2.05975417E+01;-2.23662470E+01;-3.52285116E-03
2452035.5; A.D. 2001-May-06 00:00:00;-1.06062217E+08;-1.07843327E+08;3.19381831E+04;2.11852951E+01;-2.19346970E+01;-2.51586770E-02
2452036.5; A.D. 2001-May-07 00:00:00;-1.04207632E+08;-1.09717729E+08;2.88942151E+04;2.17380645E+01;-2.14453784E+01;-4.48842444E-02
2452037.5; A.D. 2001-May-08 00:00:00;-1.02307206E+08;-1.11547720E+08;2.42693796E+04;2.22449078E+01;-2.09086055E+01;-6.15929261E-02
2452038.5; A.D. 2001-May-09 00:00:00;-1.00365245E+08;-1.13329720E+08;1.83610266E+04;2.26986534E+01;-2.03365962E+01;-7.44910940E-02
2452039.5; A.D. 2001-May-10 00:00:00;-9.83865085E+07;-1.15061235E+08;1.15206085E+04;2.30959177E+01;-1.97420312E+01;-8.31185225E-02
2452040.5; A.D. 2001-May-11 00:00:00;-9.63759030E+07;-1.16740840E+08;4.12595784E+03;2.34365728E+01;-1.91368947E+01;-8.73159493E-02
2452041.5; A.D. 2001-May-12 00:00:00;-9.43382343E+07;-1.18368092E+08;-3.44207251E+03;2.37229221E+01;-1.85317771E+01;-8.71606421E-02
2452042.5; A.D. 2001-May-13 00:00:00;-9.22780349E+07;-1.19943392E+08;-1.08169028E+04;2.39588547E+01;-1.79356433E+01;-8.28941548E-02
2452043.5; A.D. 2001-May-14 00:00:00;-9.01994583E+07;-1.21467846E+08;-1.76576446E+04;2.41491716E+01;-1.73559484E+01;-7.48609807E-02
2452044.5; A.D. 2001-May-15 00:00:00;-8.81062195E+07;-1.22943154E+08;-2.36560803E+04;2.42991727E+01;-1.67989419E+01;-6.34681307E-02
2452045.5; A.D. 2001-May-16 00:00:00;-8.60015600E+07;-1.24371512E+08;-2.85411678E+04;2.44145126E+01;-1.62700116E+01;-4.91682082E-02
2452046.5; A.D. 2001-May-17 00:00:00;-8.38882151E+07;-1.25755559E+08;-3.20830318E+04;2.45012852E+01;-1.57739508E+01;-3.24638443E-02
2452047.5; A.D. 2001-May-18 00:00:00;-8.17683663E+07;-1.27098322E+08;-3.40980952E+04;2.45662721E+01;-1.53150632E+01;-1.39286651E-02
2452048.5; A.D. 2001-May-19 00:00:00;-7.96435675E+07;-1.28403179E+08;-3.44564932E+04;2.46172680E+01;-1.48970368E+01;5.76221064E-03
2452049.5; A.D. 2001-May-20 00:00:00;-7.75146447E+07;-1.29673786E+08;-3.30921899E+04;2.46633691E+01;-1.45225485E+01;2.58020455E-02
2452050.5; A.D. 2001-May-21 00:00:00;-7.53815771E+07;-1.30913961E+08;-3.00152055E+04;2.47150748E+01;-1.41925967E+01;4.52363523E-02
2452051.5; A.D. 2001-May-22 00:00:00;-7.32433834E+07;-1.32127508E+08;-2.53240422E+04;2.47840308E+01;-1.39056513E+01;6.29772242E-02
2452052.5; A.D. 2001-May-23 00:00:00;-7.10980522E+07;-1.33317959E+08;-1.92149999E+04;2.48822768E+01;-1.36568181E+01;7.78629248E-02
2452053.5; A.D. 2001-May-24 00:00:00;-6.89425584E+07;-1.34488255E+08;-1.19841607E+04;2.50209841E+01;-1.34373242E+01;8.87674297E-02
2452054.5; A.D. 2001-May-25 00:00:00;-6.67730058E+07;-1.35640415E+08;-4.01817824E+03;2.52088754E+01;-1.32346385E+01;9.47458947E-02
2452055.5; A.D. 2001-May-26 00:00:00;-6.45849060E+07;-1.36775243E+08;4.22788504E+03;2.54507215E+01;-1.30333909E+01;9.51820696E-02
2452056.5; A.D. 2001-May-27 00:00:00;-6.23735668E+07;-1.37892148E+08;1.22640027E+04;2.57463637E+01;-1.28169661E+01;8.98953740E-02
2452057.5; A.D. 2001-May-28 00:00:00;-6.01345318E+07;-1.38989116E+08;1.96049529E+04;2.60905520E+01;-1.25693888E+01;7.91770511E-02
2452058.5; A.D. 2001-May-29 00:00:00;-5.78639975E+07;-1.40062845E+08;2.58098885E+04;2.64735873E+01;-1.22770309E+01;6.37510573E-02
2452059.5; A.D. 2001-May-30 00:00:00;-5.55591487E+07;-1.41109002E+08;3.05159441E+04;2.68825057E+01;-1.19298134E+01;4.46798813E-02
2452060.5; A.D. 2001-May-31 00:00:00;-5.32183820E+07;-1.42122562E+08;3.34624083E+04;2.73024648E+01;-1.15218130E+01;2.32451497E-02
2452061.5; A.D. 2001-Jun-01 00:00:00;-5.08414086E+07;-1.43098169E+08;3.45044007E+04;2.77180766E+01;-1.10513645E+01;8.27186039E-04
2452062.5; A.D. 2001-Jun-02 00:00:00;-4.84292505E+07;-1.44030503E+08;3.36165818E+04;2.81145721E+01;-1.05208086E+01;-2.12042081E-02
2452063.5; A.D. 2001-Jun-03 00:00:00;-4.59841430E+07;-1.44914600E+08;3.08880514E+04;2.84787710E+01;-9.93599299E+00;-4.15842278E-02
2452064.5; A.D. 2001-Jun-04 00:00:00;-4.35093635E+07;-1.45746128E+08;2.65097693E+04;2.87998510E+01;-9.30557911E+00;-5.92313636E-02
2452065.5; A.D. 2001-Jun-05 00:00:00;-4.10090021E+07;-1.46521596E+08;2.07560330E+04;2.90698785E+01;-8.64019053E+00;-7.33057801E-02
2452066.5; A.D. 2001-Jun-06 00:00:00;-3.84877001E+07;-1.47238480E+08;1.39619796E+04;2.92840484E+01;-7.95146702E+00;-8.32420178E-02
2452067.5; A.D. 2001-Jun-07 00:00:00;-3.59503805E+07;-1.47895275E+08;6.49953435E+03;2.94406002E+01;-7.25113603E+00;-8.87519437E-02
2452068.5; A.D. 2001-Jun-08 00:00:00;-3.34019996E+07;-1.48491462E+08;-1.24563750E+03;2.95404438E+01;-6.55023280E+00;-8.97993728E-02
2452069.5; A.D. 2001-Jun-09 00:00:00;-3.08473397E+07;-1.49027423E+08;-8.89402695E+03;2.95865921E+01;-5.85857233E+00;-8.65542695E-02
2452070.5; A.D. 2001-Jun-10 00:00:00;-2.82908544E+07;-1.49504331E+08;-1.60877661E+04;2.95835377E+01;-5.18451188E+00;-7.93385695E-02
2452071.5; A.D. 2001-Jun-11 00:00:00;-2.57365657E+07;-1.49924014E+08;-2.25015178E+04;2.95367026E+01;-4.53497174E+00;-6.85758451E-02
2452072.5; A.D. 2001-Jun-12 00:00:00;-2.31880016E+07;-1.50288845E+08;-2.78495286E+04;2.94520530E+01;-3.91563186E+00;-5.47540034E-02
2452073.5; A.D. 2001-Jun-13 00:00:00;-2.06481581E+07;-1.50601642E+08;-3.18902125E+04;2.93359175E+01;-3.33120175E+00;-3.84058951E-02
2452074.5; A.D. 2001-Jun-14 00:00:00;-1.81194690E+07;-1.50865597E+08;-3.44298784E+04;2.91950098E+01;-2.78566205E+00;-2.01087517E-02
2452075.5; A.D. 2001-Jun-15 00:00:00;-1.56037648E+07;-1.51084222E+08;-3.53271538E+04;2.90366187E+01;-2.28238678E+00;-5.00262389E-04
2452076.5; A.D. 2001-Jun-16 00:00:00;-1.31022110E+07;-1.51261289E+08;-3.44993469E+04;2.88689039E+01;-1.82406527E+00;1.96936948E-02
2452077.5; A.D. 2001-Jun-17 00:00:00;-1.06152193E+07;-1.51400764E+08;-3.19314188E+04;2.87011954E+01;-1.41235639E+00;3.96281805E-02
2452078.5; A.D. 2001-Jun-18 00:00:00;-8.14233855E+06;-1.51506689E+08;-2.76872930E+04;2.85441465E+01;-1.04724090E+00;5.83186719E-02
2452079.5; A.D. 2001-Jun-19 00:00:00;-5.68214493E+06;-1.51582998E+08;-2.19218216E+04;2.84095393E+01;-7.26115117E-01;7.46499545E-02
2452080.5; A.D. 2001-Jun-20 00:00:00;-3.23217286E+06;-1.51633255E+08;-1.48899314E+04;2.83095276E+01;-4.42810652E-01;8.74358862E-02
2452081.5; A.D. 2001-Jun-21 00:00:00;-7.88939714E+05;-1.51660309E+08;-6.94784621E+03;2.82552093E+01;-1.86903272E-01;9.55439224E-02
2452082.5; A.D. 2001-Jun-22 00:00:00;1.65188128E+06;-1.51665923E+08;1.45902990E+03;2.82546804E+01;5.62167935E-02;9.80751020E-02
2452083.5; A.D. 2001-Jun-23 00:00:00;4.09511484E+06;-1.51650456E+08;9.82472841E+03;2.83110852E+01;3.04161813E-01;9.45559185E-02
2452084.5; A.D. 2001-Jun-24 00:00:00;6.54559527E+06;-1.51612694E+08;1.76259860E+04;2.84213944E+01;5.75320051E-01;8.50737906E-02
2452085.5; A.D. 2001-Jun-25 00:00:00;9.00762596E+06;-1.51549893E+08;2.43725494E+04;2.85764796E+01;8.86186603E-01;7.02978306E-02
2452086.5; A.D. 2001-Jun-26 00:00:00;1.14845044E+07;-1.51458056E+08;2.96537144E+04;2.87625033E+01;1.24911529E+00;5.13740642E-02
2452087.5; A.D. 2001-Jun-27 00:00:00;1.39782059E+07;-1.51332339E+08;3.31718133E+04;2.89630803E+01;1.67112875E+00;2.97387107E-02
2452088.5; A.D. 2001-Jun-28 00:00:00;1.64892601E+07;-1.51167531E+08;3.47584858E+04;2.91614599E+01;2.15388960E+00;6.91744110E-03
2452089.5; A.D. 2001-Jun-29 00:00:00;1.90167957E+07;-1.50958478E+08;3.43750251E+04;2.93421925E+01;2.69448697E+00;-1.56363371E-02
2452090.5; A.D. 2001-Jun-30 00:00:00;2.15587011E+07;-1.50700439E+08;3.21012639E+04;2.94921197E+01;3.28655717E+00;-3.66444282E-02
2452091.5; A.D. 2001-Jul-01 00:00:00;2.41118436E+07;-1.50389329E+08;2.81179051E+04;2.96008071E+01;3.92138022E+00;-5.50552741E-02
2452092.5; A.D. 2001-Jul-02 00:00:00;2.66723107E+07;-1.50021885E+08;2.26859941E+04;2.96606330E+01;4.58879499E+00;-7.00617418E-02
2452093.5; A.D. 2001-Jul-03 00:00:00;2.92356504E+07;-1.49595759E+08;1.61257175E+04;2.96667044E+01;5.27792463E+00;-8.11010195E-02
2452094.5; A.D. 2001-Jul-04 00:00:00;3.17970997E+07;-1.49109552E+08;8.79564558E+03;2.96166886E+01;5.97776340E+00;-8.78452740E-02
2452095.5; A.D. 2001-Jul-05 00:00:00;3.43517968E+07;-1.48562801E+08;1.07307751E+03;2.95105834E+01;6.67766920E+00;-9.01855478E-02
2452096.5; A.D. 2001-Jul-06 00:00:00;3.68949700E+07;-1.47955934E+08;-6.66392110E+03;2.93504203E+01;7.36777213E+00;-8.82085850E-02
2452097.5; A.D. 2001-Jul-07 00:00:00;3.94220981E+07;-1.47290186E+08;-1.40521721E+04;2.91399052E+01;8.03928008E+00;-8.21667582E-02
2452098.5; A.D. 2001-Jul-08 00:00:00;4.19290382E+07;-1.46567500E+08;-2.07562197E+04;2.88840242E+01;8.68465602E+00;-7.24435015E-02
2452099.5; A.D. 2001-Jul-09 00:00:00;4.44121200E+07;-1.45790411E+08;-2.64781445E+04;2.85886670E+01;9.29765674E+00;-5.95188225E-02
2452100.5; A.D. 2001-Jul-10 00:00:00;4.68682095E+07;-1.44961943E+08;-3.09645973E+04;2.82603237E+01;9.87325165E+00;-4.39403406E-02
2452101.5; A.D. 2001-Jul-11 00:00:00;4.92947525E+07;-1.44085506E+08;-3.40117459E+04;2.79059012E+01;1.04074678E+01;-2.63045889E-02
2452102.5; A.D. 2001-Jul-12 00:00:00;5.16898075E+07;-1.43164814E+08;-3.54691612E+04;2.75326844E+01;1.08972272E+01;-7.25143746E-03
2452103.5; A.D. 2001-Jul-13 00:00:00;5.40520820E+07;-1.42203812E+08;-3.52438109E+04;2.71484368E+01;1.13402530E+01;1.25279888E-02
2452104.5; A.D. 2001-Jul-14 00:00:00;5.63809821E+07;-1.41206606E+08;-3.33052415E+04;2.67616044E+01;1.17351240E+01;3.22724393E-02
2452105.5; A.D. 2001-Jul-15 00:00:00;5.86766814E+07;-1.40177379E+08;-2.96926544E+04;2.63815476E+01;1.20815535E+01;5.11269648E-02
2452106.5; A.D. 2001-Jul-16 00:00:00;6.09402073E+07;-1.39120271E+08;-2.45238361E+04;2.60186701E+01;1.23809443E+01;6.81259825E-02
2452107.5; A.D. 2001-Jul-17 00:00:00;6.31735270E+07;-1.38039197E+08;-1.80046512E+04;2.56842543E+01;1.26372133E+01;8.22006423E-02
2452108.5; A.D. 2001-Jul-18 00:00:00;6.53795975E+07;-1.36937594E+08;-1.04360406E+04;2.53897683E+01;1.28577471E+01;9.22331185E-02
2452109.5; A.D. 2001-Jul-19 00:00:00;6.75623274E+07;-1.35818078E+08;-2.21355152E+03;2.51454679E+01;1.30541507E+01;9.71774481E-02
2452110.5; A.D. 2001-Jul-20 00:00:00;6.97263866E+07;-1.34682078E+08;6.18655536E+03;2.49583504E+01;1.32422652E+01;9.62465081E-02
2452111.5; A.D. 2001-Jul-21 00:00:00;7.18768283E+07;-1.33529510E+08;1.42389428E+04;2.48299511E+01;1.34409463E+01;8.91253143E-02
2452112.5; A.D. 2001-Jul-22 00:00:00;7.40185445E+07;-1.32358619E+08;2.14175935E+04;2.47548703E+01;1.36695097E+01;7.61301753E-02
2452113.5; A.D. 2001-Jul-23 00:00:00;7.61556584E+07;-1.31166077E+08;2.72524457E+04;2.47208890E+01;1.39444827E+01;5.82289907E-02
2452114.5; A.D. 2001-Jul-24 00:00:00;7.82910062E+07;-1.29947353E+08;3.13804126E+04;2.47108734E+01;1.42768418E+01;3.68931691E-02
2452115.5; A.D. 2001-Jul-25 00:00:00;8.04258374E+07;-1.28697260E+08;3.35780521E+04;2.47057599E+01;1.46707488E+01;1.38361394E-02
2452116.5; A.D. 2001-Jul-26 00:00:00;8.25597788E+07;-1.27410534E+08;3.37704686E+04;2.46874626E+01;1.51240009E+01;-9.25758173E-03
2452117.5; A.D. 2001-Jul-27 00:00:00;8.46910113E+07;-1.26082322E+08;3.20196611E+04;2.46408328E+01;1.56296202E+01;-3.09274660E-02
2452118.5; A.D. 2001-Jul-28 00:00:00;8.68165664E+07;-1.24708510E+08;2.85005013E+04;2.45544562E+01;1.61777447E+01;-5.00285072E-02
2452119.5; A.D. 2001-Jul-29 00:00:00;8.89326503E+07;-1.23285905E+08;2.34726329E+04;2.44205789E+01;1.67572154E+01;-6.57399733E-02
2452120.5; A.D. 2001-Jul-30 00:00:00;9.10349396E+07;-1.21812289E+08;1.72538120E+04;2.42346038E+01;1.73566420E+01;-7.75296256E-02
2452121.5; A.D. 2001-Jul-31 00:00:00;9.31188290E+07;-1.20286420E+08;1.01970601E+04;2.39945006E+01;1.79649991E+01;-8.51054400E-02
2452122.5; A.D. 2001-Aug-01 00:00:00;9.51796299E+07;-1.18707979E+08;2.67183917E+03;2.37003074E+01;1.85719178E+01;-8.83725718E-02
2452123.5; A.D. 2001-Aug-02 00:00:00;9.72127331E+07;-1.17077511E+08;-4.95151062E+03;2.33537665E+01;1.91678282E+01;-8.74010090E-02
2452124.5; A.D. 2001-Aug-03 00:00:00;9.92137437E+07;-1.15396347E+08;-1.23149531E+04;2.29580633E+01;1.97440534E+01;-8.24022151E-02
2452125.5; A.D. 2001-Aug-04 00:00:00;1.01178597E+08;-1.13666528E+08;-1.90841567E+04;2.25176194E+01;2.02928998E+01;-7.37105222E-02
2452126.5; A.D. 2001-Aug-05 00:00:00;1.03103656E+08;-1.11890714E+08;-2.49583541E+04;2.20378974E+01;2.08077444E+01;-6.17655848E-02
2452127.5; A.D. 2001-Aug-06 00:00:00;1.04985795E+08;-1.10072088E+08;-2.96786647E+04;2.15252024E+01;2.12830987E+01;-4.70943056E-02
2452128.5; A.D. 2001-Aug-07 00:00:00;1.06822462E+08;-1.08214258E+08;-3.30348547E+04;2.09864907E+01;2.17146307E+01;-3.02930322E-02
2452129.5; A.D. 2001-Aug-08 00:00:00;1.08611726E+08;-1.06321155E+08;-3.48706558E+04;2.04292136E+01;2.20991427E+01;-1.20125029E-02
2452130.5; A.D. 2001-Aug-09 00:00:00;1.10352321E+08;-1.04396942E+08;-3.50880091E+04;1.98612260E+01;2.24345258E+01;7.05155059E-03
2452131.5; A.D. 2001-Aug-10 00:00:00;1.12043674E+08;-1.02445915E+08;-3.36508174E+04;1.92907770E+01;2.27197374E+01;2.61601970E-02
2452132.5; A.D. 2001-Aug-11 00:00:00;1.13685946E+08;-1.00472415E+08;-3.05888712E+04;1.87265748E+01;2.29548629E+01;4.45257866E-02
2452133.5; A.D. 2001-Aug-12 00:00:00;1.15280072E+08;-9.84807178E+07;-2.60024501E+04;1.81778766E+01;2.31413288E+01;6.13028181E-02
2452134.5; A.D. 2001-Aug-13 00:00:00;1.16827813E+08;-9.64749051E+07;-2.00675887E+04;1.76545085E+01;2.32823214E+01;7.55834960E-02
2452135.5; A.D. 2001-Aug-14 00:00:00;1.18331795E+08;-9.44586846E+07;-1.30410459E+04;1.71666602E+01;2.33834182E+01;8.64118288E-02
2452136.5; A.D. 2001-Aug-15 00:00:00;1.19795522E+08;-9.24351521E+07;-5.26259345E+03;1.67242536E+01;2.34533352E+01;9.28349201E-02
2452137.5; A.D. 2001-Aug-16 00:00:00;1.21223300E+08;-9.04064913E+07;2.84941003E+03;1.63357090E+01;2.35045276E+01;9.40094606E-02
2452138.5; A.D. 2001-Aug-17 00:00:00;1.22620035E+08;-8.83736454E+07;1.08142670E+04;1.60061018E+01;2.35531853E+01;8.93674062E-02
2452139.5; A.D. 2001-Aug-18 00:00:00;1.23990849E+08;-8.63360328E+07;1.81211692E+04;1.57350768E+01;2.36181056E+01;7.88117155E-02
2452140.5; A.D. 2001-Aug-19 00:00:00;1.25340540E+08;-8.42914201E+07;2.42771815E+04;1.55153393E+01;2.37182156E+01;6.28703970E-02
2452141.5; A.D. 2001-Aug-20 00:00:00;1.26672972E+08;-8.22360532E+07;2.88634266E+04;1.53326848E+01;2.38692194E+01;4.27186423E-02
2452142.5; A.D. 2001-Aug-21 00:00:00;1.27990547E+08;-8.01650734E+07;3.15854473E+04;1.51680035E+01;2.40805708E+01;2.00208342E-02
2452143.5; A.D. 2001-Aug-22 00:00:00;1.29293924E+08;-7.80731344E+07;3.23033793E+04;1.50006628E+01;2.43540461E+01;-3.36351196E-03
2452144.5; A.D. 2001-Aug-23 00:00:00;1.30582041E+08;-7.59550518E+07;3.10349701E+04;1.48119209E+01;2.46843830E+01;-2.56923933E-02
2452145.5; A.D. 2001-Aug-24 00:00:00;1.31852383E+08;-7.38063267E+07;2.79350135E+04;1.45871807E+01;2.50613899E+01;-4.55607608E-02
2452146.5; A.D. 2001-Aug-25 00:00:00;1.33101384E+08;-7.16234631E+07;2.32616637E+04;1.43167055E+01;2.54724312E+01;-6.19844488E-02
2452147.5; A.D. 2001-Aug-26 00:00:00;1.34324836E+08;-6.94040878E+07;1.73405471E+04;1.39951696E+01;2.59044290E+01;-7.43754612E-02
2452148.5; A.D. 2001-Aug-27 00:00:00;1.35518222E+08;-6.71469303E+07;1.05337322E+04;1.36206805E+01;2.63450651E+01;-8.24634078E-02
2452149.5; A.D. 2001-Aug-28 00:00:00;1.36676978E+08;-6.48517316E+07;3.21607247E+03;1.31937780E+01;2.67832803E+01;-8.62093749E-02
2452150.5; A.D. 2001-Aug-29 00:00:00;1.37796660E+08;-6.25191308E+07;-4.24165060E+03;1.27166649E+01;2.72093349E+01;-8.57370605E-02
2452151.5; A.D. 2001-Aug-30 00:00:00;1.38873068E+08;-6.01505561E+07;-1.14846720E+04;1.21927240E+01;2.76146742E+01;-8.12879690E-02
2452152.5; A.D. 2001-Aug-31 00:00:00;1.39902338E+08;-5.77481294E+07;-1.81832567E+04;1.16262699E+01;2.79917686E+01;-7.31973614E-02
2452153.5; A.D. 2001-Sep-01 00:00:00;1.40881011E+08;-5.53145830E+07;-2.40402804E+04;1.10224496E+01;2.83340146E+01;-6.18838546E-02
2452154.5; A.D. 2001-Sep-02 00:00:00;1.41806111E+08;-5.28531801E+07;-2.87982342E+04;1.03872076E+01;2.86357243E+01;-4.78453719E-02
2452155.5; A.D. 2001-Sep-03 00:00:00;1.42675208E+08;-5.03676339E+07;-3.22459396E+04;9.72725361E+00;2.88921899E+01;-3.16557199E-02
2452156.5; A.D. 2001-Sep-04 00:00:00;1.43486482E+08;-4.78620181E+07;-3.42248649E+04;9.04999587E+00;2.90997918E+01;-1.39584350E-02
2452157.5; A.D. 2001-Sep-05 00:00:00;1.44238779E+08;-4.53406680E+07;-3.46347530E+04;8.36343523E+00;2.92561149E+01;4.54295531E-03
2452158.5; A.D. 2001-Sep-06 00:00:00;1.44931659E+08;-4.28080715E+07;-3.34382898E+04;7.67603321E+00;2.93600518E+01;2.30970746E-02
2452159.5; A.D. 2001-Sep-07 00:00:00;1.45565426E+08;-4.02687528E+07;-3.06646963E+04;6.99657861E+00;2.94118910E+01;4.09171337E-02
2452160.5; A.D. 2001-Sep-08 00:00:00;1.46141155E+08;-3.77271473E+07;-2.64122928E+04;6.33406787E+00;2.94134172E+01;5.71921601E-02
2452161.5; A.D. 2001-Sep-09 00:00:00;1.46660703E+08;-3.51874663E+07;-2.08501295E+04;5.69758790E+00;2.93680654E+01;7.10977942E-02
2452162.5; A.D. 2001-Sep-10 00:00:00;1.47126708E+08;-3.26535442E+07;-1.42185584E+04;5.09614882E+00;2.92811701E+01;8.18110869E-02
2452163.5; A.D. 2001-Sep-11 00:00:00;1.47542576E+08;-3.01286605E+07;-6.82805336E+03;4.53836689E+00;2.91603200E+01;8.85380702E-02
2452164.5; A.D. 2001-Sep-12 00:00:00;1.47912417E+08;-2.76153268E+07;9.45337222E+02;4.03186226E+00;2.90157552E+01;9.05663075E-02
2452165.5; A.D. 2001-Sep-13 00:00:00;1.48240923E+08;-2.51150451E+07;8.67059360E+03;3.58224857E+00;2.88606229E+01;8.73540160E-02
2452166.5; A.D. 2001-Sep-14 00:00:00;1.48533135E+08;-2.26280608E+07;1.58817431E+04;3.19170567E+00;2.87107689E+01;7.86577468E-02
2452167.5; A.D. 2001-Sep-15 00:00:00;1.48794075E+08;-2.01531682E+07;2.21099395E+04;2.85738565E+00;2.85836804E+01;6.46778821E-02
2452168.5; A.D. 2001-Sep-16 00:00:00;1.49028256E+08;-1.76876523E+07;2.69271099E+04;2.57024963E+00;2.84963589E+01;4.61697420E-02
2452169.5; A.D. 2001-Sep-17 00:00:00;1.49239141E+08;-1.52274542E+07;2.99951348E+04;2.31512691E+00;2.84624087E+01;2.44489551E-02
2452170.5; A.D. 2001-Sep-18 00:00:00;1.49428671E+08;-1.27675893E+07;3.11089897E+04;2.07249593E+00;2.84892645E+01;1.24320464E-03
2452171.5; A.D. 2001-Sep-19 00:00:00;1.49597029E+08;-1.03027564E+07;3.02209959E+04;1.82166478E+00;2.85767410E+01;-2.15855376E-02
2452172.5; A.D. 2001-Sep-20 00:00:00;1.49742683E+08;-7.82798731E+06;2.74388883E+04;1.54420469E+00;2.87175631E+01;-4.23490010E-02
2452173.5; A.D. 2001-Sep-21 00:00:00;1.49862700E+08;-5.33917466E+06;2.30002125E+04;1.22636687E+00;2.88995235E+01;-5.97566267E-02
2452174.5; A.D. 2001-Sep-22 00:00:00;1.49953194E+08;-2.83338017E+06;1.72333581E+04;8.59882008E-01;2.91082082E+01;-7.29980829E-02
2452175.5; A.D. 2001-Sep-23 00:00:00;1.50009786E+08;-3.08921148E+05;1.05171291E+04;4.41394201E-01;2.93292751E+01;-8.17026147E-02
2452176.5; A.D. 2001-Sep-24 00:00:00;1.50027976E+08;2.23470145E+06;3.24705114E+03;-2.87827836E-02;2.95498142E+01;-8.58344215E-02
2452177.5; A.D. 2001-Sep-25 00:00:00;1.50003400E+08;4.79695336E+06;-4.18861551E+03;-5.47957427E-01;2.97588402E+01;-8.55801642E-02
2452178.5; A.D. 2001-Sep-26 00:00:00;1.49931994E+08;7.37643292E+06;-1.14240490E+04;-1.11205307E+00;2.99472184E+01;-8.12606413E-02
2452179.5; A.D. 2001-Sep-27 00:00:00;1.49810083E+08;9.97101773E+06;-1.81248466E+04;-1.71621085E+00;3.01073375E+01;-7.32758965E-02
2452180.5; A.D. 2001-Sep-28 00:00:00;1.49634434E+08;1.25779805E+07;-2.39935917E+04;-2.35505710E+00;3.02327532E+01;-6.20798196E-02
2452181.5; A.D. 2001-Sep-29 00:00:00;1.49402298E+08;1.51940778E+07;-2.87741843E+04;-3.02274073E+00;3.03179276E+01;-4.81753274E-02
2452182.5; A.D. 2001-Sep-30 00:00:00;1.49111458E+08;1.78156220E+07;-3.22563008E+04;-3.71284914E+00;3.03581160E+01;-3.21206561E-02
2452183.5; A.D. 2001-Oct-01 00:00:00;1.48760275E+08;2.04385511E+07;-3.42805722E+04;-4.41829648E+00;3.03494078E+01;-1.45384284E-02
2452184.5; A.D. 2001-Oct-02 00:00:00;1.48347759E+08;2.30585065E+07;-3.47444182E+04;-5.13125785E+00;3.02888958E+01;3.87915251E-03
2452185.5; A.D. 2001-Oct-03 00:00:00;1.47873623E+08;2.56709312E+07;-3.36079902E+04;-5.84319982E+00;3.01749263E+01;2.23735680E-02
2452186.5; A.D. 2001-Oct-04 00:00:00;1.47338345E+08;2.82711889E+07;-3.08993814E+04;-6.54502914E+00;3.00073749E+01;4.01338137E-02
2452187.5; A.D. 2001-Oct-05 00:00:00;1.46743203E+08;3.08547081E+07;-2.67181934E+04;-7.22735338E+00;2.97878920E+01;5.63203165E-02
2452188.5; A.D. 2001-Oct-06 00:00:00;1.46090290E+08;3.34171429E+07;-2.12366854E+04;-7.88082541E+00;2.95200840E+01;7.00964966E-02
2452189.5; A.D. 2001-Oct-07 00:00:00;1.45382485E+08;3.59545480E+07;-1.46979730E+04;-8.49653908E+00;2.92096195E+01;8.06650750E-02
2452190.5; A.D. 2001-Oct-08 00:00:00;1.44623408E+08;3.84635586E+07;-7.41094475E+03;-9.06646117E+00;2.88642754E+01;8.73077218E-02
2452191.5; A.D. 2001-Oct-09 00:00:00;1.43817314E+08;4.09415730E+07;2.58433945E+02;-9.58391757E+00;2.84939348E+01;8.94295706E-02
2452192.5; A.D. 2001-Oct-10 00:00:00;1.42968956E+08;4.33869322E+07;7.90002260E+03;-1.00441831E+01;2.81105186E+01;8.66128930E-02
2452193.5; A.D. 2001-Oct-11 00:00:00;1.42083388E+08;4.57990883E+07;1.50776067E+04;-1.04452250E+01;2.77277622E+01;7.86842505E-02
2452194.5; A.D. 2001-Oct-12 00:00:00;1.41165687E+08;4.81787404E+07;2.13533738E+04;-1.07885865E+01;2.73606730E+01;6.57938485E-02
2452195.5; A.D. 2001-Oct-13 00:00:00;1.40220614E+08;5.05279035E+07;2.63193252E+04;-1.10802544E+01;2.70244703E+01;4.84929456E-02
2452196.5; A.D. 2001-Oct-14 00:00:00;1.39252198E+08;5.28498579E+07;2.96342183E+04;-1.13311590E+01;2.67329039E+01;2.77779297E-02
2452197.5; A.D. 2001-Oct-15 00:00:00;1.38263319E+08;5.51489327E+07;3.10613603E+04;-1.15568358E+01;2.64961271E+01;5.05897860E-03
2452198.5; A.D. 2001-Oct-16 00:00:00;1.37255367E+08;5.74301043E+07;3.04992442E+04;-1.17759113E+01;2.63186910E+01;-1.79764961E-02
2452199.5; A.D. 2001-Oct-17 00:00:00;1.36228077E+08;5.96984560E+07;2.79960939E+04;-1.20075521E+01;2.61984534E+01;-3.95930753E-02
2452200.5; A.D. 2001-Oct-18 00:00:00;1.35179611E+08;6.19586057E+07;2.37427941E+04;-1.22686003E+01;2.61269741E+01;-5.82642047E-02
2452201.5; A.D. 2001-Oct-19 00:00:00;1.34106856E+08;6.42142306E+07;1.80456231E+04;-1.25713739E+01;2.60913126E+01;-7.28692301E-02
2452202.5; A.D. 2001-Oct-20 00:00:00;1.33005872E+08;6.64677847E+07;1.12868342E+04;-1.29227828E+01;2.60765028E+01;-8.27726975E-02
2452203.5; A.D. 2001-Oct-21 00:00:00;1.31872340E+08;6.87204247E+07;3.88363405E+03;-1.33247472E+01;2.60678082E+01;-8.77871022E-02
2452204.5; A.D. 2001-Oct-22 00:00:00;1.30701951E+08;7.09721002E+07;-3.74616782E+03;-1.37754047E+01;2.60521864E+01;-8.80652712E-02
2452205.5; A.D. 2001-Oct-23 00:00:00;1.29490669E+08;7.32217307E+07;-1.12081953E+04;-1.42704898E+01;2.60188703E+01;-8.39773943E-02
2452206.5; A.D. 2001-Oct-24 00:00:00;1.28234889E+08;7.54674031E+07;-1.81456916E+04;-1.48044657E+01;2.59592988E+01;-7.60102199E-02
2452207.5; A.D. 2001-Oct-25 00:00:00;1.26931512E+08;7.77065455E+07;-2.42465443E+04;-1.53712456E+01;2.58667139E+01;-6.47028468E-02
2452208.5; A.D. 2001-Oct-26 00:00:00;1.25577975E+08;7.99360631E+07;-2.92463204E+04;-1.59645221E+01;2.57356840E+01;-5.06174992E-02
2452209.5; A.D. 2001-Oct-27 00:00:00;1.24172267E+08;8.21524345E+07;-3.29299829E+04;-1.65778008E+01;2.55617165E+01;-3.43365168E-02
2452210.5; A.D. 2001-Oct-28 00:00:00;1.22712951E+08;8.43517819E+07;-3.51341075E+04;-1.72042535E+01;2.53410408E+01;-1.64752319E-02
2452211.5; A.D. 2001-Oct-29 00:00:00;1.21199204E+08;8.65299321E+07;-3.57505425E+04;-1.78364993E+01;2.50705947E+01;2.29903225E-03
2452212.5; A.D. 2001-Oct-30 00:00:00;1.19630870E+08;8.86824837E+07;-3.47316506E+04;-1.84664127E+01;2.47482112E+01;2.12507850E-02
2452213.5; A.D. 2001-Oct-31 00:00:00;1.18008532E+08;9.08048991E+07;-3.20965292E+04;-1.90850489E+01;2.43729703E+01;3.95711729E-02
2452214.5; A.D. 2001-Nov-01 00:00:00;1.16333576E+08;9.28926310E+07;-2.79369548E+04;-1.96827623E+01;2.39456507E+01;5.63904773E-02
2452215.5; A.D. 2001-Nov-02 00:00:00;1.14608241E+08;9.49412895E+07;-2.24213343E+04;-2.02495613E+01;2.34691787E+01;7.08120398E-02
2452216.5; A.D. 2001-Nov-03 00:00:00;1.12835624E+08;9.69468426E+07;-1.57948149E+04;-2.07756908E+01;2.29489577E+01;8.19666229E-02
2452217.5; A.D. 2001-Nov-04 00:00:00;1.11019628E+08;9.89058371E+07;-8.37402674E+03;-2.12523758E+01;2.23929739E+01;8.90808374E-02
2452218.5; A.D. 2001-Nov-05 00:00:00;1.09164842E+08;1.00815616E+08;-5.35665843E+02;-2.16726144E+01;2.18116237E+01;9.15494453E-02
2452219.5; A.D. 2001-Nov-06 00:00:00;1.07276358E+08;1.02674510E+08;7.30095174E+03;-2.20319052E+01;2.12172725E+01;8.90010608E-02
2452220.5; A.D. 2001-Nov-07 00:00:00;1.05359528E+08;1.04481980E+08;1.46964529E+04;-2.23288304E+01;2.06236004E+01;8.13501005E-02
2452221.5; A.D. 2001-Nov-08 00:00:00;1.03419676E+08;1.06238697E+08;2.12177568E+04;-2.25654638E+01;2.00447972E+01;6.88323418E-02
2452222.5; A.D. 2001-Nov-09 00:00:00;1.01461789E+08;1.07946547E+08;2.64667713E+04;-2.27475991E+01;1.94946328E+01;5.20235407E-02
2452223.5; A.D. 2001-Nov-10 00:00:00;9.94901895E+07;1.09608550E+08;3.01098728E+04;-2.28847663E+01;1.89853945E+01;3.18379538E-02
2452224.5; A.D. 2001-Nov-11 00:00:00;9.75082256E+07;1.11228682E+08;3.19060795E+04;-2.29899327E+01;1.85266960E+01;9.49752667E-03
2452225.5; A.D. 2001-Nov-12 00:00:00;9.55180016E+07;1.12811589E+08;3.17308077E+04;-2.30787400E+01;1.81242576E+01;-1.35417880E-02
2452226.5; A.D. 2001-Nov-13 00:00:00;9.35202010E+07;1.14362204E+08;2.95910481E+04;-2.31681691E+01;1.77789111E+01;-3.57153362E-02
2452227.5; A.D. 2001-Nov-14 00:00:00;9.15140465E+07;1.15885305E+08;2.56277166E+04;-2.32747181E+01;1.74861899E+01;-5.55178115E-02
2452228.5; A.D. 2001-Nov-15 00:00:00;8.94974278E+07;1.17385068E+08;2.01027570E+04;-2.34124465E+01;1.72367947E+01;-7.16808313E-02
2452229.5; A.D. 2001-Nov-16 00:00:00;8.74671835E+07;1.18864704E+08;1.33722173E+04;-2.35914107E+01;1.70179422E+01;-8.33119743E-02
2452230.5; A.D. 2001-Nov-17 00:00:00;8.54194867E+07;1.20326234E+08;5.85047579E+03;-2.38169325E+01;1.68152425E+01;-8.99561467E-02
2452231.5; A.D. 2001-Nov-18 00:00:00;8.33502501E+07;1.21770434E+08;-2.02702990E+03;-2.40898171E+01;1.66145519E+01;-9.15704133E-02
2452232.5; A.D. 2001-Nov-19 00:00:00;8.12554803E+07;1.23196923E+08;-9.83592355E+03;-2.44072769E+01;1.64033272E+01;-8.84358646E-02
2452233.5; A.D. 2001-Nov-20 00:00:00;7.91315367E+07;1.24604327E+08;-1.71860871E+04;-2.47641385E+01;1.61712866E+01;-8.10458726E-02
2452234.5; A.D. 2001-Nov-21 00:00:00;7.69752878E+07;1.25990490E+08;-2.37354826E+04;-2.51539471E+01;1.59104571E+01;-7.00054605E-02
2452235.5; A.D. 2001-Nov-22 00:00:00;7.47841859E+07;1.27352651E+08;-2.91965120E+04;-2.55697514E+01;1.56148350E+01;-5.59609912E-02
2452236.5; A.D. 2001-Nov-23 00:00:00;7.25562888E+07;1.28687600E+08;-3.33377995E+04;-2.60045165E+01;1.52799006E+01;-3.95642288E-02
2452237.5; A.D. 2001-Nov-24 00:00:00;7.02902617E+07;1.29991785E+08;-3.59841847E+04;-2.64512137E+01;1.49021679E+01;-2.14655314E-02
2452238.5; A.D. 2001-Nov-25 00:00:00;6.79853812E+07;1.31261382E+08;-3.70170689E+04;-2.69026846E+01;1.44788830E+01;-2.32724982E-03
2452239.5; A.D. 2001-Nov-26 00:00:00;6.56415571E+07;1.32492362E+08;-3.63764454E+04;-2.73513784E+01;1.40079325E+01;1.71523058E-02
2452240.5; A.D. 2001-Nov-27 00:00:00;6.32593789E+07;1.33680541E+08;-3.40651066E+04;-2.77890721E+01;1.34879894E+01;3.62141078E-02
2452241.5; A.D. 2001-Nov-28 00:00:00;6.08401830E+07;1.34821669E+08;-3.01546523E+04;-2.82066832E+01;1.29188965E+01;5.40232818E-02
2452242.5; A.D. 2001-Nov-29 00:00:00;5.83861274E+07;1.35911554E+08;-2.47919892E+04;-2.85942998E+01;1.23022396E+01;6.96747329E-02
2452243.5; A.D. 2001-Nov-30 00:00:00;5.59002510E+07;1.36946238E+08;-1.82040727E+04;-2.89415421E+01;1.16420024E+01;8.22296217E-02
2452244.5; A.D. 2001-Dec-01 00:00:00;5.33864837E+07;1.37922234E+08;-1.06979547E+04;-2.92383162E+01;1.09451158E+01;9.07876313E-02
$$;;;;;;;
